NULL_PATTERN_ID,NULL_PATTERN,TOTAL_OBSERVATIONS,TARGET_0_COUNT,TARGET_1_COUNT,MC1_ELIGIBLE_OBSERVATIONS,MC1_TARGET_1_COUNT,PATTERN_RANK,FAILURE_RATE_PERCENT,MC1_BASELINE_FAILURE_RATE_PERCENT,DIFFERENCE_FROM_BASELINE_PP,MC1_OBSERVATION_PERCENT,SUBSTANTIAL_DIFFERENCE
d237e8c2e2409dd8e304d0e30a9928d96ed499ac595f6e4c132ff2232474423e,"[""R_2"",""N_2"",""R_3"",""N_3"",""R_4"",""N_4"",""R_6"",""N_6"",""R_7"",""N_7"",""R_8"",""N_8"",""R_10"",""N_10"",""R_11"",""N_11"",""R_13"",""N_13"",""R_177"",""N_177"",""R_181"",""N_181"",""R_182"",""N_182"",""R_189"",""N_189"",""R_190"",""N_190"",""R_191"",""N_191"",""R_192"",""N_192"",""R_193"",""N_193"",""R_200"",""N_200"",""R_204"",""N_204"",""R_205"",""N_205"",""R_207"",""N_207"",""R_211"",""N_211"",""R_233"",""N_233"",""R_240"",""N_240"",""R_241"",""N_241"",""R_242"",""N_242"",""R_244"",""N_244"",""R_245"",""N_245"",""R_175"",""N_175"",""R_232"",""N_232""]",48497097,48446057,51040,48625028,51091,1,0.105243,0.105071,0.000172,99.736903,False
4a248564ffbcfe4181555c50e61e2f3a9a7519f09df31b5a39fd920b54ba5f6a,"[""R_1"",""N_1"",""R_2"",""N_2"",""R_3"",""N_3"",""R_4"",""N_4"",""R_5"",""N_5"",""R_6"",""N_6"",""R_7"",""N_7"",""R_8"",""N_8"",""R_9"",""N_9"",""R_10"",""N_10"",""R_11"",""N_11"",""R_12"",""N_12"",""R_13"",""N_13"",""R_170"",""N_170"",""R_171"",""N_171"",""R_172"",""N_172"",""R_173"",""N_173"",""R_174"",""N_174"",""R_177"",""N_177"",""R_180"",""N_180"",""R_181"",""N_181"",""R_182"",""N_182"",""R_183"",""N_183"",""R_184"",""N_184"",""R_187"",""N_187"",""R_188"",""N_188"",""R_189"",""N_189"",""R_190"",""N_190"",""R_191"",""N_191"",""R_192"",""N_192"",""R_193"",""N_193"",""R_194"",""N_194"",""R_195"",""N_195"",""R_196"",""N_196"",""R_197"",""N_197"",""R_198"",""N_198"",""R_199"",""N_199"",""R_200"",""N_200"",""R_204"",""N_204"",""R_205"",""N_205"",""R_206"",""N_206"",""R_207"",""N_207"",""R_211"",""N_211"",""R_233"",""N_233"",""R_240"",""N_240"",""R_241"",""N_241"",""R_242"",""N_242"",""R_244"",""N_244"",""R_245"",""N_245"",""R_175"",""N_175"",""R_232"",""N_232""]",114826,114791,35,48625028,51091,2,0.030481,0.105071,-0.074590,0.236146,False
dd5009da2c611999c6f53085ecd74e7fe90d0570289845005dac7a914462f3ab,"[""R_2"",""N_2"",""R_3"",""N_3"",""R_4"",""N_4"",""R_6"",""N_6"",""R_7"",""N_7"",""R_8"",""N_8"",""R_10"",""N_10"",""R_11"",""N_11"",""R_13"",""N_13"",""R_177"",""N_177"",""R_180"",""N_180"",""R_181"",""N_181"",""R_182"",""N_182"",""R_189"",""N_189"",""R_190"",""N_190"",""R_191"",""N_191"",""R_192"",""N_192"",""R_193"",""N_193"",""R_200"",""N_200"",""R_204"",""N_204"",""R_205"",""N_205"",""R_207"",""N_207"",""R_211"",""N_211"",""R_233"",""N_233"",""R_240"",""N_240"",""R_241"",""N_241"",""R_242"",""N_242"",""R_244"",""N_244"",""R_245"",""N_245"",""R_175"",""N_175"",""R_232"",""N_232""]",825,825,0,48625028,51091,3,0.000000,0.105071,-0.105071,0.001697,False
29b60bbc5d246d6d0e6978fbe8cc2d0ef442cfe18121bfe54d205126e144e81a,"[""R_1"",""N_1"",""R_2"",""N_2"",""R_3"",""N_3"",""R_4"",""N_4"",""R_5"",""N_5"",""R_6"",""N_6"",""R_7"",""N_7"",""R_8"",""N_8"",""R_9"",""N_9"",""R_10"",""N_10"",""R_11"",""N_11"",""R_12"",""N_12"",""R_13"",""N_13"",""R_170"",""N_170"",""R_171"",""N_171"",""R_172"",""N_172"",""R_173"",""N_173"",""R_174"",""N_174"",""R_177"",""N_177"",""R_181"",""N_181"",""R_182"",""N_182"",""R_183"",""N_183"",""R_184"",""N_184"",""R_187"",""N_187"",""R_188"",""N_188"",""R_189"",""N_189"",""R_190"",""N_190"",""R_191"",""N_191"",""R_192"",""N_192"",""R_193"",""N_193"",""R_194"",""N_194"",""R_195"",""N_195"",""R_196"",""N_196"",""R_197"",""N_197"",""R_198"",""N_198"",""R_199"",""N_199"",""R_200"",""N_200"",""R_204"",""N_204"",""R_205"",""N_205"",""R_206"",""N_206"",""R_207"",""N_207"",""R_211"",""N_211"",""R_233"",""N_233"",""R_240"",""N_240"",""R_241"",""N_241"",""R_242"",""N_242"",""R_244"",""N_244"",""R_245"",""N_245"",""R_175"",""N_175"",""R_232"",""N_232""]",797,796,1,48625028,51091,4,0.125471,0.105071,0.020400,0.001639,False
ecc454b3675bc29ba37c21157fceecfbd26fdf7440f48abc61a6330e6f35c920,"[""R_2"",""N_2"",""R_3"",""N_3"",""R_4"",""N_4"",""R_6"",""N_6"",""R_7"",""N_7"",""R_8"",""N_8"",""R_10"",""N_10"",""R_11"",""N_11"",""R_13"",""N_13"",""R_177"",""N_177"",""R_180"",""N_180"",""R_181"",""N_181"",""R_182"",""N_182"",""R_189"",""N_189"",""R_190"",""N_190"",""R_191"",""N_191"",""R_192"",""N_192"",""R_193"",""N_193"",""R_200"",""N_200"",""R_204"",""N_204"",""R_205"",""N_205"",""R_206"",""N_206"",""R_207"",""N_207"",""R_211"",""N_211"",""R_233"",""N_233"",""R_240"",""N_240"",""R_241"",""N_241"",""R_242"",""N_242"",""R_244"",""N_244"",""R_245"",""N_245"",""R_175"",""N_175"",""R_232"",""N_232""]",388,388,0,48625028,51091,5,0.000000,0.105071,-0.105071,0.000798,False
735830d996234e8f2facfd479e9f7e19e028a0940c961ae27040de111a7f16b1,"[""R_1"",""N_1"",""R_2"",""N_2"",""R_3"",""N_3"",""R_4"",""N_4"",""R_5"",""N_5"",""R_6"",""N_6"",""R_7"",""N_7"",""R_8"",""N_8"",""R_9"",""N_9"",""R_10"",""N_10"",""R_11"",""N_11"",""R_12"",""N_12"",""R_13"",""N_13"",""R_170"",""N_170"",""R_171"",""N_171"",""R_172"",""N_172"",""R_173"",""N_173"",""R_174"",""N_174"",""R_177"",""N_177"",""R_181"",""N_181"",""R_182"",""N_182"",""R_183"",""N_183"",""R_184"",""N_184"",""R_187"",""N_187"",""R_188"",""N_188"",""R_189"",""N_189"",""R_190"",""N_190"",""R_191"",""N_191"",""R_192"",""N_192"",""R_193"",""N_193"",""R_194"",""N_194"",""R_195"",""N_195"",""R_196"",""N_196"",""R_197"",""N_197"",""R_198"",""N_198"",""R_199"",""N_199"",""R_200"",""N_200"",""R_204"",""N_204"",""R_205"",""N_205"",""R_207"",""N_207"",""R_211"",""N_211"",""R_233"",""N_233"",""R_240"",""N_240"",""R_241"",""N_241"",""R_242"",""N_242"",""R_244"",""N_244"",""R_245"",""N_245"",""R_175"",""N_175"",""R_232"",""N_232""]",356,356,0,48625028,51091,6,0.000000,0.105071,-0.105071,0.000732,False
cd262c3cd07d28cd1793e81c3b04ca7a774a6d7df20569e5620aa7e7d6a49933,"[""R_1"",""N_1"",""R_2"",""N_2"",""R_3"",""N_3"",""R_4"",""N_4"",""R_5"",""N_5"",""R_6"",""N_6"",""R_7"",""N_7"",""R_8"",""N_8"",""R_9"",""N_9"",""R_10"",""N_10"",""R_11"",""N_11"",""R_13"",""N_13"",""R_177"",""N_177"",""R_181"",""N_181"",""R_182"",""N_182"",""R_189"",""N_189"",""R_190"",""N_190"",""R_191"",""N_191"",""R_192"",""N_192"",""R_193"",""N_193"",""R_200"",""N_200"",""R_204"",""N_204"",""R_205"",""N_205"",""R_207"",""N_207"",""R_211"",""N_211"",""R_233"",""N_233"",""R_240"",""N_240"",""R_241"",""N_241"",""R_242"",""N_242"",""R_244"",""N_244"",""R_245"",""N_245"",""R_175"",""N_175"",""R_232"",""N_232""]",248,248,0,48625028,51091,7,0.000000,0.105071,-0.105071,0.000510,False
59306f66651b6060a0f5d0a2f32c98c3a58b2c4ae1da3adad288f433f2988434,"[""R_1"",""N_1"",""R_2"",""N_2"",""R_3"",""N_3"",""R_4"",""N_4"",""R_6"",""N_6"",""R_7"",""N_7"",""R_8"",""N_8"",""R_10"",""N_10"",""R_11"",""N_11"",""R_13"",""N_13"",""R_177"",""N_177"",""R_181"",""N_181"",""R_182"",""N_182"",""R_189"",""N_189"",""R_190"",""N_190"",""R_191"",""N_191"",""R_192"",""N_192"",""R_193"",""N_193"",""R_200"",""N_200"",""R_204"",""N_204"",""R_205"",""N_205"",""R_207"",""N_207"",""R_211"",""N_211"",""R_233"",""N_233"",""R_240"",""N_240"",""R_241"",""N_241"",""R_242"",""N_242"",""R_244"",""N_244"",""R_245"",""N_245"",""R_175"",""N_175"",""R_232"",""N_232""]",246,245,1,48625028,51091,8,0.406504,0.105071,0.301433,0.000506,False
4581fe47f0f90ab6fcbeb69a431dbc3f291674ca8972eb40c5bcf0486465b9ca,"[""R_1"",""N_1"",""R_2"",""N_2"",""R_3"",""N_3"",""R_4"",""N_4"",""R_5"",""N_5"",""R_6"",""N_6"",""R_7"",""N_7"",""R_8"",""N_8"",""R_10"",""N_10"",""R_11"",""N_11"",""R_13"",""N_13"",""R_177"",""N_177"",""R_181"",""N_181"",""R_182"",""N_182"",""R_189"",""N_189"",""R_190"",""N_190"",""R_191"",""N_191"",""R_192"",""N_192"",""R_193"",""N_193"",""R_200"",""N_200"",""R_204"",""N_204"",""R_205"",""N_205"",""R_207"",""N_207"",""R_211"",""N_211"",""R_233"",""N_233"",""R_240"",""N_240"",""R_241"",""N_241"",""R_242"",""N_242"",""R_244"",""N_244"",""R_245"",""N_245"",""R_175"",""N_175"",""R_232"",""N_232""]",228,228,0,48625028,51091,9,0.000000,0.105071,-0.105071,0.000469,False
ad452e3a19f004e7d97953618f1df340258377e7a383418c7dd0fa8ddb8c4ffd,"[""R_1"",""N_1"",""R_2"",""N_2"",""R_3"",""N_3"",""R_4"",""N_4"",""R_5"",""N_5"",""R_6"",""N_6"",""R_7"",""N_7"",""R_8"",""N_8"",""R_9"",""N_9"",""R_10"",""N_10"",""R_11"",""N_11"",""R_12"",""N_12"",""R_13"",""N_13"",""R_177"",""N_177"",""R_181"",""N_181"",""R_182"",""N_182"",""R_189"",""N_189"",""R_190"",""N_190"",""R_191"",""N_191"",""R_192"",""N_192"",""R_193"",""N_193"",""R_200"",""N_200"",""R_204"",""N_204"",""R_205"",""N_205"",""R_207"",""N_207"",""R_211"",""N_211"",""R_233"",""N_233"",""R_240"",""N_240"",""R_241"",""N_241"",""R_242"",""N_242"",""R_244"",""N_244"",""R_245"",""N_245"",""R_175"",""N_175"",""R_232"",""N_232""]",215,215,0,48625028,51091,10,0.000000,0.105071,-0.105071,0.000442,False
d10664db47f2ebda97c18ccc0b1e2468960395999b86014b4fa098479e1e4470,"[""R_2"",""N_2"",""R_3"",""N_3"",""R_4"",""N_4"",""R_6"",""N_6"",""R_7"",""N_7"",""R_8"",""N_8"",""R_9"",""N_9"",""R_10"",""N_10"",""R_11"",""N_11"",""R_12"",""N_12"",""R_13"",""N_13"",""R_170"",""N_170"",""R_171"",""N_171"",""R_172"",""N_172"",""R_173"",""N_173"",""R_174"",""N_174"",""R_177"",""N_177"",""R_180"",""N_180"",""R_181"",""N_181"",""R_182"",""N_182"",""R_183"",""N_183"",""R_184"",""N_184"",""R_187"",""N_187"",""R_188"",""N_188"",""R_189"",""N_189"",""R_190"",""N_190"",""R_191"",""N_191"",""R_192"",""N_192"",""R_193"",""N_193"",""R_194"",""N_194"",""R_195"",""N_195"",""R_196"",""N_196"",""R_197"",""N_197"",""R_198"",""N_198"",""R_199"",""N_199"",""R_200"",""N_200"",""R_204"",""N_204"",""R_205"",""N_205"",""R_206"",""N_206"",""R_207"",""N_207"",""R_211"",""N_211"",""R_233"",""N_233"",""R_240"",""N_240"",""R_241"",""N_241"",""R_242"",""N_242"",""R_244"",""N_244"",""R_245"",""N_245"",""R_175"",""N_175"",""R_232"",""N_232""]",209,209,0,48625028,51091,11,0.000000,0.105071,-0.105071,0.000430,False
b3f035734ad616752160d9ca3bcb37ae851ac22e61f448970a2a7c8b38b41887,"[""R_1"",""N_1"",""R_2"",""N_2"",""R_3"",""N_3"",""R_4"",""N_4"",""R_5"",""N_5"",""R_6"",""N_6"",""R_7"",""N_7"",""R_8"",""N_8"",""R_9"",""N_9"",""R_10"",""N_10"",""R_11"",""N_11"",""R_12"",""N_12"",""R_13"",""N_13"",""R_170"",""N_170"",""R_171"",""N_171"",""R_172"",""N_172"",""R_173"",""N_173"",""R_177"",""N_177"",""R_181"",""N_181"",""R_182"",""N_182"",""R_189"",""N_189"",""R_190"",""N_190"",""R_191"",""N_191"",""R_192"",""N_192"",""R_193"",""N_193"",""R_200"",""N_200"",""R_204"",""N_204"",""R_205"",""N_205"",""R_207"",""N_207"",""R_211"",""N_211"",""R_233"",""N_233"",""R_240"",""N_240"",""R_241"",""N_241"",""R_242"",""N_242"",""R_244"",""N_244"",""R_245"",""N_245"",""R_175"",""N_175"",""R_232"",""N_232""]",208,208,0,48625028,51091,12,0.000000,0.105071,-0.105071,0.000428,False
24fde5512d9163017b088c7175e5e368f24e6405cdeee7b43e39c1e9fd06e75c,"[""R_2"",""N_2"",""R_3"",""N_3"",""R_4"",""N_4"",""R_6"",""N_6"",""R_7"",""N_7"",""R_8"",""N_8"",""R_10"",""N_10"",""R_11"",""N_11"",""R_13"",""N_13"",""R_177"",""N_177"",""R_180"",""N_180"",""R_181"",""N_181"",""R_182"",""N_182"",""R_187"",""N_187"",""R_188"",""N_188"",""R_189"",""N_189"",""R_190"",""N_190"",""R_191"",""N_191"",""R_192"",""N_192"",""R_193"",""N_193"",""R_194"",""N_194"",""R_195"",""N_195"",""R_196"",""N_196"",""R_197"",""N_197"",""R_198"",""N_198"",""R_199"",""N_199"",""R_200"",""N_200"",""R_204"",""N_204"",""R_205"",""N_205"",""R_206"",""N_206"",""R_207"",""N_207"",""R_211"",""N_211"",""R_233"",""N_233"",""R_240"",""N_240"",""R_241"",""N_241"",""R_242"",""N_242"",""R_244"",""N_244"",""R_245"",""N_245"",""R_175"",""N_175"",""R_232"",""N_232""]",207,206,1,48625028,51091,13,0.483092,0.105071,0.378021,0.000426,False
d2776fbcff7ea5bcf9c1237c53ecdf6b74d9b5ede918f2ef56c23a9b0fc853e7,"[""R_1"",""N_1"",""R_2"",""N_2"",""R_3"",""N_3"",""R_4"",""N_4"",""R_5"",""N_5"",""R_6"",""N_6"",""R_7"",""N_7"",""R_8"",""N_8"",""R_9"",""N_9"",""R_10"",""N_10"",""R_11"",""N_11"",""R_12"",""N_12"",""R_13"",""N_13"",""R_170"",""N_170"",""R_171"",""N_171"",""R_172"",""N_172"",""R_173"",""N_173"",""R_174"",""N_174"",""R_177"",""N_177"",""R_181"",""N_181"",""R_182"",""N_182"",""R_183"",""N_183"",""R_184"",""N_184"",""R_187"",""N_187"",""R_188"",""N_188"",""R_189"",""N_189"",""R_190"",""N_190"",""R_191"",""N_191"",""R_192"",""N_192"",""R_193"",""N_193"",""R_194"",""N_194"",""R_195"",""N_195"",""R_196"",""N_196"",""R_200"",""N_200"",""R_204"",""N_204"",""R_205"",""N_205"",""R_207"",""N_207"",""R_211"",""N_211"",""R_233"",""N_233"",""R_240"",""N_240"",""R_241"",""N_241"",""R_242"",""N_242"",""R_244"",""N_244"",""R_245"",""N_245"",""R_175"",""N_175"",""R_232"",""N_232""]",205,205,0,48625028,51091,14,0.000000,0.105071,-0.105071,0.000422,False
4c1a5d10a44c0764fd5ad08224bcd183f272127951e90fbf97823a3d61aaad9f,"[""R_2"",""N_2"",""R_3"",""N_3"",""R_4"",""N_4"",""R_5"",""N_5"",""R_6"",""N_6"",""R_7"",""N_7"",""R_8"",""N_8"",""R_9"",""N_9"",""R_10"",""N_10"",""R_11"",""N_11"",""R_12"",""N_12"",""R_13"",""N_13"",""R_170"",""N_170"",""R_171"",""N_171"",""R_172"",""N_172"",""R_173"",""N_173"",""R_174"",""N_174"",""R_177"",""N_177"",""R_180"",""N_180"",""R_181"",""N_181"",""R_182"",""N_182"",""R_183"",""N_183"",""R_184"",""N_184"",""R_187"",""N_187"",""R_188"",""N_188"",""R_189"",""N_189"",""R_190"",""N_190"",""R_191"",""N_191"",""R_192"",""N_192"",""R_193"",""N_193"",""R_194"",""N_194"",""R_195"",""N_195"",""R_196"",""N_196"",""R_197"",""N_197"",""R_198"",""N_198"",""R_199"",""N_199"",""R_200"",""N_200"",""R_204"",""N_204"",""R_205"",""N_205"",""R_206"",""N_206"",""R_207"",""N_207"",""R_211"",""N_211"",""R_233"",""N_233"",""R_240"",""N_240"",""R_241"",""N_241"",""R_242"",""N_242"",""R_244"",""N_244"",""R_245"",""N_245"",""R_175"",""N_175"",""R_232"",""N_232""]",204,204,0,48625028,51091,15,0.000000,0.105071,-0.105071,0.000420,False
dba6cfc607b3e941ee51fa34faf20a0be90143481f8c6250e273b26098d435dd,"[""R_1"",""N_1"",""R_2"",""N_2"",""R_3"",""N_3"",""R_4"",""N_4"",""R_5"",""N_5"",""R_6"",""N_6"",""R_7"",""N_7"",""R_8"",""N_8"",""R_9"",""N_9"",""R_10"",""N_10"",""R_11"",""N_11"",""R_12"",""N_12"",""R_13"",""N_13"",""R_170"",""N_170"",""R_171"",""N_171"",""R_172"",""N_172"",""R_173"",""N_173"",""R_174"",""N_174"",""R_177"",""N_177"",""R_181"",""N_181"",""R_182"",""N_182"",""R_183"",""N_183"",""R_189"",""N_189"",""R_190"",""N_190"",""R_191"",""N_191"",""R_192"",""N_192"",""R_193"",""N_193"",""R_200"",""N_200"",""R_204"",""N_204"",""R_205"",""N_205"",""R_207"",""N_207"",""R_211"",""N_211"",""R_233"",""N_233"",""R_240"",""N_240"",""R_241"",""N_241"",""R_242"",""N_242"",""R_244"",""N_244"",""R_245"",""N_245"",""R_175"",""N_175"",""R_232"",""N_232""]",203,203,0,48625028,51091,16,0.000000,0.105071,-0.105071,0.000417,False
0100bfd595d32cfc8f213b55e33c4801d0acad6feb1a2ce952f703ba121c9d73,"[""R_2"",""N_2"",""R_3"",""N_3"",""R_4"",""N_4"",""R_6"",""N_6"",""R_7"",""N_7"",""R_8"",""N_8"",""R_10"",""N_10"",""R_11"",""N_11"",""R_13"",""N_13"",""R_177"",""N_177"",""R_180"",""N_180"",""R_181"",""N_181"",""R_182"",""N_182"",""R_189"",""N_189"",""R_190"",""N_190"",""R_191"",""N_191"",""R_192"",""N_192"",""R_193"",""N_193"",""R_197"",""N_197"",""R_198"",""N_198"",""R_199"",""N_199"",""R_200"",""N_200"",""R_204"",""N_204"",""R_205"",""N_205"",""R_206"",""N_206"",""R_207"",""N_207"",""R_211"",""N_211"",""R_233"",""N_233"",""R_240"",""N_240"",""R_241"",""N_241"",""R_242"",""N_242"",""R_244"",""N_244"",""R_245"",""N_245"",""R_175"",""N_175"",""R_232"",""N_232""]",202,202,0,48625028,51091,17,0.000000,0.105071,-0.105071,0.000415,False
b641b7fa6e84533341cc6f36228a2dc425f3f5a803b498d5bd18a1b1247f71e1,"[""R_1"",""N_1"",""R_2"",""N_2"",""R_3"",""N_3"",""R_4"",""N_4"",""R_5"",""N_5"",""R_6"",""N_6"",""R_7"",""N_7"",""R_8"",""N_8"",""R_9"",""N_9"",""R_10"",""N_10"",""R_11"",""N_11"",""R_12"",""N_12"",""R_13"",""N_13"",""R_170"",""N_170"",""R_171"",""N_171"",""R_172"",""N_172"",""R_173"",""N_173"",""R_174"",""N_174"",""R_177"",""N_177"",""R_181"",""N_181"",""R_182"",""N_182"",""R_183"",""N_183"",""R_184"",""N_184"",""R_187"",""N_187"",""R_188"",""N_188"",""R_189"",""N_189"",""R_190"",""N_190"",""R_191"",""N_191"",""R_192"",""N_192"",""R_193"",""N_193"",""R_194"",""N_194"",""R_195"",""N_195"",""R_196"",""N_196"",""R_197"",""N_197"",""R_200"",""N_200"",""R_204"",""N_204"",""R_205"",""N_205"",""R_207"",""N_207"",""R_211"",""N_211"",""R_233"",""N_233"",""R_240"",""N_240"",""R_241"",""N_241"",""R_242"",""N_242"",""R_244"",""N_244"",""R_245"",""N_245"",""R_175"",""N_175"",""R_232"",""N_232""]",202,202,0,48625028,51091,18,0.000000,0.105071,-0.105071,0.000415,False
6c4bea45f7df2652247a414b08122b6f454baf6f226b32eafb7c99cd333c1056,"[""R_1"",""N_1"",""R_2"",""N_2"",""R_3"",""N_3"",""R_4"",""N_4"",""R_5"",""N_5"",""R_6"",""N_6"",""R_7"",""N_7"",""R_8"",""N_8"",""R_9"",""N_9"",""R_10"",""N_10"",""R_11"",""N_11"",""R_12"",""N_12"",""R_13"",""N_13"",""R_170"",""N_170"",""R_171"",""N_171"",""R_172"",""N_172"",""R_173"",""N_173"",""R_174"",""N_174"",""R_177"",""N_177"",""R_181"",""N_181"",""R_182"",""N_182"",""R_183"",""N_183"",""R_184"",""N_184"",""R_187"",""N_187"",""R_189"",""N_189"",""R_190"",""N_190"",""R_191"",""N_191"",""R_192"",""N_192"",""R_193"",""N_193"",""R_200"",""N_200"",""R_204"",""N_204"",""R_205"",""N_205"",""R_207"",""N_207"",""R_211"",""N_211"",""R_233"",""N_233"",""R_240"",""N_240"",""R_241"",""N_241"",""R_242"",""N_242"",""R_244"",""N_244"",""R_245"",""N_245"",""R_175"",""N_175"",""R_232"",""N_232""]",200,200,0,48625028,51091,19,0.000000,0.105071,-0.105071,0.000411,False
44f2fc1901e04520b4c665b218f91b045f1f1355803872773309bcfaa036f37b,"[""R_2"",""N_2"",""R_3"",""N_3"",""R_4"",""N_4"",""R_6"",""N_6"",""R_7"",""N_7"",""R_8"",""N_8"",""R_10"",""N_10"",""R_11"",""N_11"",""R_13"",""N_13"",""R_177"",""N_177"",""R_180"",""N_180"",""R_181"",""N_181"",""R_182"",""N_182"",""R_189"",""N_189"",""R_190"",""N_190"",""R_191"",""N_191"",""R_192"",""N_192"",""R_193"",""N_193"",""R_199"",""N_199"",""R_200"",""N_200"",""R_204"",""N_204"",""R_205"",""N_205"",""R_206"",""N_206"",""R_207"",""N_207"",""R_211"",""N_211"",""R_233"",""N_233"",""R_240"",""N_240"",""R_241"",""N_241"",""R_242"",""N_242"",""R_244"",""N_244"",""R_245"",""N_245"",""R_175"",""N_175"",""R_232"",""N_232""]",199,198,1,48625028,51091,20,0.502513,0.105071,0.397442,0.000409,False
8ff560c05f90c1f5e74b37c6de857ce34e45b4a2e6773ea8cabee57036914505,"[""R_1"",""N_1"",""R_2"",""N_2"",""R_3"",""N_3"",""R_4"",""N_4"",""R_5"",""N_5"",""R_6"",""N_6"",""R_7"",""N_7"",""R_8"",""N_8"",""R_9"",""N_9"",""R_10"",""N_10"",""R_11"",""N_11"",""R_12"",""N_12"",""R_13"",""N_13"",""R_170"",""N_170"",""R_177"",""N_177"",""R_181"",""N_181"",""R_182"",""N_182"",""R_189"",""N_189"",""R_190"",""N_190"",""R_191"",""N_191"",""R_192"",""N_192"",""R_193"",""N_193"",""R_200"",""N_200"",""R_204"",""N_204"",""R_205"",""N_205"",""R_207"",""N_207"",""R_211"",""N_211"",""R_233"",""N_233"",""R_240"",""N_240"",""R_241"",""N_241"",""R_242"",""N_242"",""R_244"",""N_244"",""R_245"",""N_245"",""R_175"",""N_175"",""R_232"",""N_232""]",199,199,0,48625028,51091,21,0.000000,0.105071,-0.105071,0.000409,False
c29519c8e331e559a40263c016d6051ed8984a1ac837b09797ce41c3a15d1b63,"[""R_2"",""N_2"",""R_3"",""N_3"",""R_4"",""N_4"",""R_6"",""N_6"",""R_7"",""N_7"",""R_8"",""N_8"",""R_10"",""N_10"",""R_11"",""N_11"",""R_13"",""N_13"",""R_177"",""N_177"",""R_180"",""N_180"",""R_181"",""N_181"",""R_182"",""N_182"",""R_189"",""N_189"",""R_190"",""N_190"",""R_191"",""N_191"",""R_192"",""N_192"",""R_193"",""N_193"",""R_198"",""N_198"",""R_199"",""N_199"",""R_200"",""N_200"",""R_204"",""N_204"",""R_205"",""N_205"",""R_206"",""N_206"",""R_207"",""N_207"",""R_211"",""N_211"",""R_233"",""N_233"",""R_240"",""N_240"",""R_241"",""N_241"",""R_242"",""N_242"",""R_244"",""N_244"",""R_245"",""N_245"",""R_175"",""N_175"",""R_232"",""N_232""]",198,197,1,48625028,51091,22,0.505051,0.105071,0.399980,0.000407,False
c741fdffec1d4d5eee6af16b90c0b99f5d635f31c72d92226ff0a14b85919a76,"[""R_2"",""N_2"",""R_3"",""N_3"",""R_4"",""N_4"",""R_6"",""N_6"",""R_7"",""N_7"",""R_8"",""N_8"",""R_10"",""N_10"",""R_11"",""N_11"",""R_12"",""N_12"",""R_13"",""N_13"",""R_170"",""N_170"",""R_171"",""N_171"",""R_172"",""N_172"",""R_173"",""N_173"",""R_174"",""N_174"",""R_177"",""N_177"",""R_180"",""N_180"",""R_181"",""N_181"",""R_182"",""N_182"",""R_183"",""N_183"",""R_184"",""N_184"",""R_187"",""N_187"",""R_188"",""N_188"",""R_189"",""N_189"",""R_190"",""N_190"",""R_191"",""N_191"",""R_192"",""N_192"",""R_193"",""N_193"",""R_194"",""N_194"",""R_195"",""N_195"",""R_196"",""N_196"",""R_197"",""N_197"",""R_198"",""N_198"",""R_199"",""N_199"",""R_200"",""N_200"",""R_204"",""N_204"",""R_205"",""N_205"",""R_206"",""N_206"",""R_207"",""N_207"",""R_211"",""N_211"",""R_233"",""N_233"",""R_240"",""N_240"",""R_241"",""N_241"",""R_242"",""N_242"",""R_244"",""N_244"",""R_245"",""N_245"",""R_175"",""N_175"",""R_232"",""N_232""]",192,191,1,48625028,51091,23,0.520833,0.105071,0.415762,0.000395,False
a9e66295f491b89bde44bd5ed660d1e9fdd1e384678b48c296ff122ed302cc80,"[""R_1"",""N_1"",""R_2"",""N_2"",""R_3"",""N_3"",""R_4"",""N_4"",""R_5"",""N_5"",""R_6"",""N_6"",""R_7"",""N_7"",""R_8"",""N_8"",""R_9"",""N_9"",""R_10"",""N_10"",""R_11"",""N_11"",""R_12"",""N_12"",""R_13"",""N_13"",""R_170"",""N_170"",""R_171"",""N_171"",""R_172"",""N_172"",""R_173"",""N_173"",""R_174"",""N_174"",""R_177"",""N_177"",""R_181"",""N_181"",""R_182"",""N_182"",""R_183"",""N_183"",""R_184"",""N_184"",""R_187"",""N_187"",""R_188"",""N_188"",""R_189"",""N_189"",""R_190"",""N_190"",""R_191"",""N_191"",""R_192"",""N_192"",""R_193"",""N_193"",""R_194"",""N_194"",""R_200"",""N_200"",""R_204"",""N_204"",""R_205"",""N_205"",""R_207"",""N_207"",""R_211"",""N_211"",""R_233"",""N_233"",""R_240"",""N_240"",""R_241"",""N_241"",""R_242"",""N_242"",""R_244"",""N_244"",""R_245"",""N_245"",""R_175"",""N_175"",""R_232"",""N_232""]",190,190,0,48625028,51091,24,0.000000,0.105071,-0.105071,0.000391,False
825daa09a72415e6356fc9a171b68c91d49e51bc6096afa7b9536046db57d0da,"[""R_2"",""N_2"",""R_3"",""N_3"",""R_4"",""N_4"",""R_6"",""N_6"",""R_7"",""N_7"",""R_8"",""N_8"",""R_10"",""N_10"",""R_11"",""N_11"",""R_13"",""N_13"",""R_171"",""N_171"",""R_172"",""N_172"",""R_173"",""N_173"",""R_174"",""N_174"",""R_177"",""N_177"",""R_180"",""N_180"",""R_181"",""N_181"",""R_182"",""N_182"",""R_183"",""N_183"",""R_184"",""N_184"",""R_187"",""N_187"",""R_188"",""N_188"",""R_189"",""N_189"",""R_190"",""N_190"",""R_191"",""N_191"",""R_192"",""N_192"",""R_193"",""N_193"",""R_194"",""N_194"",""R_195"",""N_195"",""R_196"",""N_196"",""R_197"",""N_197"",""R_198"",""N_198"",""R_199"",""N_199"",""R_200"",""N_200"",""R_204"",""N_204"",""R_205"",""N_205"",""R_206"",""N_206"",""R_207"",""N_207"",""R_211"",""N_211"",""R_233"",""N_233"",""R_240"",""N_240"",""R_241"",""N_241"",""R_242"",""N_242"",""R_244"",""N_244"",""R_245"",""N_245"",""R_175"",""N_175"",""R_232"",""N_232""]",189,189,0,48625028,51091,25,0.000000,0.105071,-0.105071,0.000389,False
36dc21c9f57a1fa3cb4d04c26636caf87c517361bff2df3ad54904108abe54fe,"[""R_1"",""N_1"",""R_2"",""N_2"",""R_3"",""N_3"",""R_4"",""N_4"",""R_5"",""N_5"",""R_6"",""N_6"",""R_7"",""N_7"",""R_8"",""N_8"",""R_9"",""N_9"",""R_10"",""N_10"",""R_11"",""N_11"",""R_12"",""N_12"",""R_13"",""N_13"",""R_170"",""N_170"",""R_171"",""N_171"",""R_172"",""N_172"",""R_173"",""N_173"",""R_174"",""N_174"",""R_177"",""N_177"",""R_181"",""N_181"",""R_182"",""N_182"",""R_189"",""N_189"",""R_190"",""N_190"",""R_191"",""N_191"",""R_192"",""N_192"",""R_193"",""N_193"",""R_200"",""N_200"",""R_204"",""N_204"",""R_205"",""N_205"",""R_207"",""N_207"",""R_211"",""N_211"",""R_233"",""N_233"",""R_240"",""N_240"",""R_241"",""N_241"",""R_242"",""N_242"",""R_244"",""N_244"",""R_245"",""N_245"",""R_175"",""N_175"",""R_232"",""N_232""]",188,188,0,48625028,51091,26,0.000000,0.105071,-0.105071,0.000387,False
f39a4aa214a6843df1146e539945d2f82842762186244577689850ac48442c0c,"[""R_1"",""N_1"",""R_2"",""N_2"",""R_3"",""N_3"",""R_4"",""N_4"",""R_5"",""N_5"",""R_6"",""N_6"",""R_7"",""N_7"",""R_8"",""N_8"",""R_9"",""N_9"",""R_10"",""N_10"",""R_11"",""N_11"",""R_12"",""N_12"",""R_13"",""N_13"",""R_170"",""N_170"",""R_171"",""N_171"",""R_172"",""N_172"",""R_173"",""N_173"",""R_174"",""N_174"",""R_177"",""N_177"",""R_181"",""N_181"",""R_182"",""N_182"",""R_183"",""N_183"",""R_184"",""N_184"",""R_187"",""N_187"",""R_188"",""N_188"",""R_189"",""N_189"",""R_190"",""N_190"",""R_191"",""N_191"",""R_192"",""N_192"",""R_193"",""N_193"",""R_200"",""N_200"",""R_204"",""N_204"",""R_205"",""N_205"",""R_207"",""N_207"",""R_211"",""N_211"",""R_233"",""N_233"",""R_240"",""N_240"",""R_241"",""N_241"",""R_242"",""N_242"",""R_244"",""N_244"",""R_245"",""N_245"",""R_175"",""N_175"",""R_232"",""N_232""]",188,188,0,48625028,51091,27,0.000000,0.105071,-0.105071,0.000387,False
9793c177b9989102088e46da5ee0d4af95316790a13520e2fc3cbaf79d673a8c,"[""R_2"",""N_2"",""R_3"",""N_3"",""R_4"",""N_4"",""R_6"",""N_6"",""R_7"",""N_7"",""R_8"",""N_8"",""R_10"",""N_10"",""R_11"",""N_11"",""R_13"",""N_13"",""R_177"",""N_177"",""R_180"",""N_180"",""R_181"",""N_181"",""R_182"",""N_182"",""R_189"",""N_189"",""R_190"",""N_190"",""R_191"",""N_191"",""R_192"",""N_192"",""R_193"",""N_193"",""R_196"",""N_196"",""R_197"",""N_197"",""R_198"",""N_198"",""R_199"",""N_199"",""R_200"",""N_200"",""R_204"",""N_204"",""R_205"",""N_205"",""R_206"",""N_206"",""R_207"",""N_207"",""R_211"",""N_211"",""R_233"",""N_233"",""R_240"",""N_240"",""R_241"",""N_241"",""R_242"",""N_242"",""R_244"",""N_244"",""R_245"",""N_245"",""R_175"",""N_175"",""R_232"",""N_232""]",187,187,0,48625028,51091,28,0.000000,0.105071,-0.105071,0.000385,False
6ac44775031e96f2c6dac688d50ae5aa44080192cfcdfe7ad9775b8405786acb,"[""R_1"",""N_1"",""R_2"",""N_2"",""R_3"",""N_3"",""R_4"",""N_4"",""R_5"",""N_5"",""R_6"",""N_6"",""R_7"",""N_7"",""R_8"",""N_8"",""R_9"",""N_9"",""R_10"",""N_10"",""R_11"",""N_11"",""R_12"",""N_12"",""R_13"",""N_13"",""R_170"",""N_170"",""R_171"",""N_171"",""R_172"",""N_172"",""R_177"",""N_177"",""R_181"",""N_181"",""R_182"",""N_182"",""R_189"",""N_189"",""R_190"",""N_190"",""R_191"",""N_191"",""R_192"",""N_192"",""R_193"",""N_193"",""R_200"",""N_200"",""R_204"",""N_204"",""R_205"",""N_205"",""R_207"",""N_207"",""R_211"",""N_211"",""R_233"",""N_233"",""R_240"",""N_240"",""R_241"",""N_241"",""R_242"",""N_242"",""R_244"",""N_244"",""R_245"",""N_245"",""R_175"",""N_175"",""R_232"",""N_232""]",186,186,0,48625028,51091,29,0.000000,0.105071,-0.105071,0.000383,False
f640712e4f5a81d680029ec19d2b5c8a27c55d671badab97db75e82dff638301,"[""R_2"",""N_2"",""R_3"",""N_3"",""R_4"",""N_4"",""R_6"",""N_6"",""R_7"",""N_7"",""R_8"",""N_8"",""R_10"",""N_10"",""R_11"",""N_11"",""R_13"",""N_13"",""R_177"",""N_177"",""R_180"",""N_180"",""R_181"",""N_181"",""R_182"",""N_182"",""R_188"",""N_188"",""R_189"",""N_189"",""R_190"",""N_190"",""R_191"",""N_191"",""R_192"",""N_192"",""R_193"",""N_193"",""R_194"",""N_194"",""R_195"",""N_195"",""R_196"",""N_196"",""R_197"",""N_197"",""R_198"",""N_198"",""R_199"",""N_199"",""R_200"",""N_200"",""R_204"",""N_204"",""R_205"",""N_205"",""R_206"",""N_206"",""R_207"",""N_207"",""R_211"",""N_211"",""R_233"",""N_233"",""R_240"",""N_240"",""R_241"",""N_241"",""R_242"",""N_242"",""R_244"",""N_244"",""R_245"",""N_245"",""R_175"",""N_175"",""R_232"",""N_232""]",185,185,0,48625028,51091,30,0.000000,0.105071,-0.105071,0.000380,False
ac76abd0df0870b1c30d07675575550989c1c23202623dad3a0d062421f34897,"[""R_1"",""N_1"",""R_2"",""N_2"",""R_3"",""N_3"",""R_4"",""N_4"",""R_5"",""N_5"",""R_6"",""N_6"",""R_7"",""N_7"",""R_8"",""N_8"",""R_9"",""N_9"",""R_10"",""N_10"",""R_11"",""N_11"",""R_12"",""N_12"",""R_13"",""N_13"",""R_170"",""N_170"",""R_171"",""N_171"",""R_172"",""N_172"",""R_173"",""N_173"",""R_174"",""N_174"",""R_177"",""N_177"",""R_181"",""N_181"",""R_182"",""N_182"",""R_183"",""N_183"",""R_184"",""N_184"",""R_189"",""N_189"",""R_190"",""N_190"",""R_191"",""N_191"",""R_192"",""N_192"",""R_193"",""N_193"",""R_200"",""N_200"",""R_204"",""N_204"",""R_205"",""N_205"",""R_207"",""N_207"",""R_211"",""N_211"",""R_233"",""N_233"",""R_240"",""N_240"",""R_241"",""N_241"",""R_242"",""N_242"",""R_244"",""N_244"",""R_245"",""N_245"",""R_175"",""N_175"",""R_232"",""N_232""]",184,184,0,48625028,51091,31,0.000000,0.105071,-0.105071,0.000378,False
afce3240da7432865fa6203813b73bd9f65b9f22db161707fa84ceffabd3ec58,"[""R_1"",""N_1"",""R_2"",""N_2"",""R_3"",""N_3"",""R_4"",""N_4"",""R_5"",""N_5"",""R_6"",""N_6"",""R_7"",""N_7"",""R_8"",""N_8"",""R_9"",""N_9"",""R_10"",""N_10"",""R_11"",""N_11"",""R_12"",""N_12"",""R_13"",""N_13"",""R_170"",""N_170"",""R_171"",""N_171"",""R_177"",""N_177"",""R_181"",""N_181"",""R_182"",""N_182"",""R_189"",""N_189"",""R_190"",""N_190"",""R_191"",""N_191"",""R_192"",""N_192"",""R_193"",""N_193"",""R_200"",""N_200"",""R_204"",""N_204"",""R_205"",""N_205"",""R_207"",""N_207"",""R_211"",""N_211"",""R_233"",""N_233"",""R_240"",""N_240"",""R_241"",""N_241"",""R_242"",""N_242"",""R_244"",""N_244"",""R_245"",""N_245"",""R_175"",""N_175"",""R_232"",""N_232""]",182,181,1,48625028,51091,32,0.549451,0.105071,0.444380,0.000374,False
cff27b03f6c928bbe155b6c0b7ad90c0c2987500088b68ad14ef314c7bfa882f,"[""R_1"",""N_1"",""R_2"",""N_2"",""R_3"",""N_3"",""R_4"",""N_4"",""R_5"",""N_5"",""R_6"",""N_6"",""R_7"",""N_7"",""R_8"",""N_8"",""R_9"",""N_9"",""R_10"",""N_10"",""R_11"",""N_11"",""R_12"",""N_12"",""R_13"",""N_13"",""R_170"",""N_170"",""R_171"",""N_171"",""R_172"",""N_172"",""R_173"",""N_173"",""R_174"",""N_174"",""R_177"",""N_177"",""R_181"",""N_181"",""R_182"",""N_182"",""R_183"",""N_183"",""R_184"",""N_184"",""R_187"",""N_187"",""R_188"",""N_188"",""R_189"",""N_189"",""R_190"",""N_190"",""R_191"",""N_191"",""R_192"",""N_192"",""R_193"",""N_193"",""R_194"",""N_194"",""R_195"",""N_195"",""R_196"",""N_196"",""R_197"",""N_197"",""R_198"",""N_198"",""R_200"",""N_200"",""R_204"",""N_204"",""R_205"",""N_205"",""R_207"",""N_207"",""R_211"",""N_211"",""R_233"",""N_233"",""R_240"",""N_240"",""R_241"",""N_241"",""R_242"",""N_242"",""R_244"",""N_244"",""R_245"",""N_245"",""R_175"",""N_175"",""R_232"",""N_232""]",179,178,1,48625028,51091,33,0.558659,0.105071,0.453588,0.000368,False
d949b42f335c164ab1cd4e64f4bc5a8a8bcc1681a91a0723d45a2f2103b3fe98,"[""R_2"",""N_2"",""R_3"",""N_3"",""R_4"",""N_4"",""R_6"",""N_6"",""R_7"",""N_7"",""R_8"",""N_8"",""R_10"",""N_10"",""R_11"",""N_11"",""R_13"",""N_13"",""R_177"",""N_177"",""R_180"",""N_180"",""R_181"",""N_181"",""R_182"",""N_182"",""R_184"",""N_184"",""R_187"",""N_187"",""R_188"",""N_188"",""R_189"",""N_189"",""R_190"",""N_190"",""R_191"",""N_191"",""R_192"",""N_192"",""R_193"",""N_193"",""R_194"",""N_194"",""R_195"",""N_195"",""R_196"",""N_196"",""R_197"",""N_197"",""R_198"",""N_198"",""R_199"",""N_199"",""R_200"",""N_200"",""R_204"",""N_204"",""R_205"",""N_205"",""R_206"",""N_206"",""R_207"",""N_207"",""R_211"",""N_211"",""R_233"",""N_233"",""R_240"",""N_240"",""R_241"",""N_241"",""R_242"",""N_242"",""R_244"",""N_244"",""R_245"",""N_245"",""R_175"",""N_175"",""R_232"",""N_232""]",179,179,0,48625028,51091,34,0.000000,0.105071,-0.105071,0.000368,False
3b9386895a1816f8d84a42d81ff2522b25539f9a6a179385a2f53241f3ee4fe1,"[""R_2"",""N_2"",""R_3"",""N_3"",""R_4"",""N_4"",""R_6"",""N_6"",""R_7"",""N_7"",""R_8"",""N_8"",""R_10"",""N_10"",""R_11"",""N_11"",""R_13"",""N_13"",""R_173"",""N_173"",""R_174"",""N_174"",""R_177"",""N_177"",""R_180"",""N_180"",""R_181"",""N_181"",""R_182"",""N_182"",""R_183"",""N_183"",""R_184"",""N_184"",""R_187"",""N_187"",""R_188"",""N_188"",""R_189"",""N_189"",""R_190"",""N_190"",""R_191"",""N_191"",""R_192"",""N_192"",""R_193"",""N_193"",""R_194"",""N_194"",""R_195"",""N_195"",""R_196"",""N_196"",""R_197"",""N_197"",""R_198"",""N_198"",""R_199"",""N_199"",""R_200"",""N_200"",""R_204"",""N_204"",""R_205"",""N_205"",""R_206"",""N_206"",""R_207"",""N_207"",""R_211"",""N_211"",""R_233"",""N_233"",""R_240"",""N_240"",""R_241"",""N_241"",""R_242"",""N_242"",""R_244"",""N_244"",""R_245"",""N_245"",""R_175"",""N_175"",""R_232"",""N_232""]",178,178,0,48625028,51091,35,0.000000,0.105071,-0.105071,0.000366,False
e106ab75b0dbb39a117ef0eff93cc58fe1417c3bda73ad9c1c15e8f65a8fd00c,"[""R_2"",""N_2"",""R_3"",""N_3"",""R_4"",""N_4"",""R_6"",""N_6"",""R_7"",""N_7"",""R_8"",""N_8"",""R_10"",""N_10"",""R_11"",""N_11"",""R_13"",""N_13"",""R_177"",""N_177"",""R_180"",""N_180"",""R_181"",""N_181"",""R_182"",""N_182"",""R_183"",""N_183"",""R_184"",""N_184"",""R_187"",""N_187"",""R_188"",""N_188"",""R_189"",""N_189"",""R_190"",""N_190"",""R_191"",""N_191"",""R_192"",""N_192"",""R_193"",""N_193"",""R_194"",""N_194"",""R_195"",""N_195"",""R_196"",""N_196"",""R_197"",""N_197"",""R_198"",""N_198"",""R_199"",""N_199"",""R_200"",""N_200"",""R_204"",""N_204"",""R_205"",""N_205"",""R_206"",""N_206"",""R_207"",""N_207"",""R_211"",""N_211"",""R_233"",""N_233"",""R_240"",""N_240"",""R_241"",""N_241"",""R_242"",""N_242"",""R_244"",""N_244"",""R_245"",""N_245"",""R_175"",""N_175"",""R_232"",""N_232""]",177,175,2,48625028,51091,36,1.129944,0.105071,1.024873,0.000364,False
a0c8b0e96d6c62d8d5168e4f19629cfb6e094843560dd4e4a0018e734cf6a6cf,"[""R_1"",""N_1"",""R_2"",""N_2"",""R_3"",""N_3"",""R_4"",""N_4"",""R_5"",""N_5"",""R_6"",""N_6"",""R_7"",""N_7"",""R_8"",""N_8"",""R_9"",""N_9"",""R_10"",""N_10"",""R_11"",""N_11"",""R_12"",""N_12"",""R_13"",""N_13"",""R_170"",""N_170"",""R_171"",""N_171"",""R_172"",""N_172"",""R_173"",""N_173"",""R_174"",""N_174"",""R_177"",""N_177"",""R_181"",""N_181"",""R_182"",""N_182"",""R_183"",""N_183"",""R_184"",""N_184"",""R_187"",""N_187"",""R_188"",""N_188"",""R_189"",""N_189"",""R_190"",""N_190"",""R_191"",""N_191"",""R_192"",""N_192"",""R_193"",""N_193"",""R_194"",""N_194"",""R_195"",""N_195"",""R_200"",""N_200"",""R_204"",""N_204"",""R_205"",""N_205"",""R_207"",""N_207"",""R_211"",""N_211"",""R_233"",""N_233"",""R_240"",""N_240"",""R_241"",""N_241"",""R_242"",""N_242"",""R_244"",""N_244"",""R_245"",""N_245"",""R_175"",""N_175"",""R_232"",""N_232""]",174,174,0,48625028,51091,37,0.000000,0.105071,-0.105071,0.000358,False
609a3ec3de12e42eec72377c5dc56a6b15cd6a5c78ec1a63e3f3c86275a06a6d,"[""R_2"",""N_2"",""R_3"",""N_3"",""R_4"",""N_4"",""R_6"",""N_6"",""R_7"",""N_7"",""R_8"",""N_8"",""R_10"",""N_10"",""R_11"",""N_11"",""R_13"",""N_13"",""R_170"",""N_170"",""R_171"",""N_171"",""R_172"",""N_172"",""R_173"",""N_173"",""R_174"",""N_174"",""R_177"",""N_177"",""R_180"",""N_180"",""R_181"",""N_181"",""R_182"",""N_182"",""R_183"",""N_183"",""R_184"",""N_184"",""R_187"",""N_187"",""R_188"",""N_188"",""R_189"",""N_189"",""R_190"",""N_190"",""R_191"",""N_191"",""R_192"",""N_192"",""R_193"",""N_193"",""R_194"",""N_194"",""R_195"",""N_195"",""R_196"",""N_196"",""R_197"",""N_197"",""R_198"",""N_198"",""R_199"",""N_199"",""R_200"",""N_200"",""R_204"",""N_204"",""R_205"",""N_205"",""R_206"",""N_206"",""R_207"",""N_207"",""R_211"",""N_211"",""R_233"",""N_233"",""R_240"",""N_240"",""R_241"",""N_241"",""R_242"",""N_242"",""R_244"",""N_244"",""R_245"",""N_245"",""R_175"",""N_175"",""R_232"",""N_232""]",173,173,0,48625028,51091,38,0.000000,0.105071,-0.105071,0.000356,False
a58d5a8f40667040ea669e99844299f99eb492207c8c6f4ea2ae52fb31cbc978,"[""R_2"",""N_2"",""R_3"",""N_3"",""R_4"",""N_4"",""R_6"",""N_6"",""R_7"",""N_7"",""R_8"",""N_8"",""R_10"",""N_10"",""R_11"",""N_11"",""R_13"",""N_13"",""R_177"",""N_177"",""R_180"",""N_180"",""R_181"",""N_181"",""R_182"",""N_182"",""R_189"",""N_189"",""R_190"",""N_190"",""R_191"",""N_191"",""R_192"",""N_192"",""R_193"",""N_193"",""R_195"",""N_195"",""R_196"",""N_196"",""R_197"",""N_197"",""R_198"",""N_198"",""R_199"",""N_199"",""R_200"",""N_200"",""R_204"",""N_204"",""R_205"",""N_205"",""R_206"",""N_206"",""R_207"",""N_207"",""R_211"",""N_211"",""R_233"",""N_233"",""R_240"",""N_240"",""R_241"",""N_241"",""R_242"",""N_242"",""R_244"",""N_244"",""R_245"",""N_245"",""R_175"",""N_175"",""R_232"",""N_232""]",173,173,0,48625028,51091,39,0.000000,0.105071,-0.105071,0.000356,False
c11ad08a67712904ddc43b4ba05440c58e47a9f685ec5714b34175873dc74f00,"[""R_2"",""N_2"",""R_3"",""N_3"",""R_4"",""N_4"",""R_6"",""N_6"",""R_7"",""N_7"",""R_8"",""N_8"",""R_10"",""N_10"",""R_11"",""N_11"",""R_13"",""N_13"",""R_177"",""N_177"",""R_180"",""N_180"",""R_181"",""N_181"",""R_182"",""N_182"",""R_189"",""N_189"",""R_190"",""N_190"",""R_191"",""N_191"",""R_192"",""N_192"",""R_193"",""N_193"",""R_194"",""N_194"",""R_195"",""N_195"",""R_196"",""N_196"",""R_197"",""N_197"",""R_198"",""N_198"",""R_199"",""N_199"",""R_200"",""N_200"",""R_204"",""N_204"",""R_205"",""N_205"",""R_206"",""N_206"",""R_207"",""N_207"",""R_211"",""N_211"",""R_233"",""N_233"",""R_240"",""N_240"",""R_241"",""N_241"",""R_242"",""N_242"",""R_244"",""N_244"",""R_245"",""N_245"",""R_175"",""N_175"",""R_232"",""N_232""]",171,171,0,48625028,51091,40,0.000000,0.105071,-0.105071,0.000352,False
388e6672bf219300fff4cfe8ffae76f346fc28e6df913152c5021b01fbea48c5,"[""R_2"",""N_2"",""R_3"",""N_3"",""R_4"",""N_4"",""R_6"",""N_6"",""R_7"",""N_7"",""R_8"",""N_8"",""R_10"",""N_10"",""R_11"",""N_11"",""R_13"",""N_13"",""R_172"",""N_172"",""R_173"",""N_173"",""R_174"",""N_174"",""R_177"",""N_177"",""R_180"",""N_180"",""R_181"",""N_181"",""R_182"",""N_182"",""R_183"",""N_183"",""R_184"",""N_184"",""R_187"",""N_187"",""R_188"",""N_188"",""R_189"",""N_189"",""R_190"",""N_190"",""R_191"",""N_191"",""R_192"",""N_192"",""R_193"",""N_193"",""R_194"",""N_194"",""R_195"",""N_195"",""R_196"",""N_196"",""R_197"",""N_197"",""R_198"",""N_198"",""R_199"",""N_199"",""R_200"",""N_200"",""R_204"",""N_204"",""R_205"",""N_205"",""R_206"",""N_206"",""R_207"",""N_207"",""R_211"",""N_211"",""R_233"",""N_233"",""R_240"",""N_240"",""R_241"",""N_241"",""R_242"",""N_242"",""R_244"",""N_244"",""R_245"",""N_245"",""R_175"",""N_175"",""R_232"",""N_232""]",161,161,0,48625028,51091,41,0.000000,0.105071,-0.105071,0.000331,False
78466b8904ad17d28bbdd529cbfe7244ff01293953974cabaad0e4c8667d3fd0,"[""R_2"",""N_2"",""R_3"",""N_3"",""R_4"",""N_4"",""R_6"",""N_6"",""R_7"",""N_7"",""R_8"",""N_8"",""R_10"",""N_10"",""R_11"",""N_11"",""R_13"",""N_13"",""R_174"",""N_174"",""R_177"",""N_177"",""R_180"",""N_180"",""R_181"",""N_181"",""R_182"",""N_182"",""R_183"",""N_183"",""R_184"",""N_184"",""R_187"",""N_187"",""R_188"",""N_188"",""R_189"",""N_189"",""R_190"",""N_190"",""R_191"",""N_191"",""R_192"",""N_192"",""R_193"",""N_193"",""R_194"",""N_194"",""R_195"",""N_195"",""R_196"",""N_196"",""R_197"",""N_197"",""R_198"",""N_198"",""R_199"",""N_199"",""R_200"",""N_200"",""R_204"",""N_204"",""R_205"",""N_205"",""R_206"",""N_206"",""R_207"",""N_207"",""R_211"",""N_211"",""R_233"",""N_233"",""R_240"",""N_240"",""R_241"",""N_241"",""R_242"",""N_242"",""R_244"",""N_244"",""R_245"",""N_245"",""R_175"",""N_175"",""R_232"",""N_232""]",158,158,0,48625028,51091,42,0.000000,0.105071,-0.105071,0.000325,False
71c37bd712f3bd99394787c6885723fbbcf3a1269edf3b90f8da1954604991ca,"[""R_2"",""N_2"",""R_3"",""N_3"",""R_4"",""N_4"",""R_6"",""N_6"",""R_7"",""N_7"",""R_8"",""N_8"",""R_10"",""N_10"",""R_11"",""N_11"",""R_13"",""N_13"",""R_177"",""N_177"",""R_181"",""N_181"",""R_182"",""N_182"",""R_189"",""N_189"",""R_190"",""N_190"",""R_191"",""N_191"",""R_192"",""N_192"",""R_193"",""N_193"",""R_200"",""N_200"",""R_204"",""N_204"",""R_205"",""N_205"",""R_206"",""N_206"",""R_207"",""N_207"",""R_211"",""N_211"",""R_233"",""N_233"",""R_240"",""N_240"",""R_241"",""N_241"",""R_242"",""N_242"",""R_244"",""N_244"",""R_245"",""N_245"",""R_175"",""N_175"",""R_232"",""N_232""]",71,71,0,48625028,51091,43,0.000000,0.105071,-0.105071,0.000146,False
9f4de89c282e66f185368ba27e59549abea83eb3169b72140f9bb089af3108a8,"[""R_1"",""N_1"",""R_2"",""N_2"",""R_3"",""N_3"",""R_4"",""N_4"",""R_5"",""N_5"",""R_6"",""N_6"",""R_7"",""N_7"",""R_8"",""N_8"",""R_9"",""N_9"",""R_10"",""N_10"",""R_11"",""N_11"",""R_12"",""N_12"",""R_13"",""N_13"",""R_170"",""N_170"",""R_171"",""N_171"",""R_172"",""N_172"",""R_173"",""N_173"",""R_174"",""N_174"",""R_177"",""N_177"",""R_180"",""N_180"",""R_181"",""N_181"",""R_182"",""N_182"",""R_183"",""N_183"",""R_184"",""N_184"",""R_187"",""N_187"",""R_188"",""N_188"",""R_189"",""N_189"",""R_190"",""N_190"",""R_191"",""N_191"",""R_192"",""N_192"",""R_193"",""N_193"",""R_194"",""N_194"",""R_195"",""N_195"",""R_196"",""N_196"",""R_197"",""N_197"",""R_198"",""N_198"",""R_199"",""N_199"",""R_200"",""N_200"",""R_204"",""N_204"",""R_205"",""N_205"",""R_207"",""N_207"",""R_211"",""N_211"",""R_233"",""N_233"",""R_240"",""N_240"",""R_241"",""N_241"",""R_242"",""N_242"",""R_244"",""N_244"",""R_245"",""N_245"",""R_175"",""N_175"",""R_232"",""N_232""]",29,29,0,48625028,51091,44,0.000000,0.105071,-0.105071,0.000060,False
566333bac10994e169a1e871ad9186298882997aa9c485fd984873bc7d2aec33,"[""R_1"",""N_1"",""R_2"",""N_2"",""R_3"",""N_3"",""R_4"",""N_4"",""R_6"",""N_6"",""R_7"",""N_7"",""R_8"",""N_8"",""R_9"",""N_9"",""R_10"",""N_10"",""R_11"",""N_11"",""R_13"",""N_13"",""R_170"",""N_170"",""R_172"",""N_172"",""R_174"",""N_174"",""R_177"",""N_177"",""R_180"",""N_180"",""R_181"",""N_181"",""R_182"",""N_182"",""R_184"",""N_184"",""R_188"",""N_188"",""R_189"",""N_189"",""R_190"",""N_190"",""R_191"",""N_191"",""R_192"",""N_192"",""R_193"",""N_193"",""R_195"",""N_195"",""R_197"",""N_197"",""R_199"",""N_199"",""R_200"",""N_200"",""R_204"",""N_204"",""R_205"",""N_205"",""R_206"",""N_206"",""R_207"",""N_207"",""R_211"",""N_211"",""R_233"",""N_233"",""R_240"",""N_240"",""R_241"",""N_241"",""R_242"",""N_242"",""R_244"",""N_244"",""R_245"",""N_245"",""R_175"",""N_175"",""R_232"",""N_232""]",28,28,0,48625028,51091,45,0.000000,0.105071,-0.105071,0.000058,False
17a978d31e91586afd1c897ef175ba4957912d380cdecdf24a54b6ac2bc400a6,"[""R_2"",""N_2"",""R_3"",""N_3"",""R_4"",""N_4"",""R_6"",""N_6"",""R_7"",""N_7"",""R_8"",""N_8"",""R_10"",""N_10"",""R_11"",""N_11"",""R_13"",""N_13"",""R_177"",""N_177"",""R_181"",""N_181"",""R_182"",""N_182"",""R_189"",""N_189"",""R_190"",""N_190"",""R_191"",""N_191"",""R_192"",""N_192"",""R_193"",""N_193"",""R_198"",""N_198"",""R_199"",""N_199"",""R_200"",""N_200"",""R_204"",""N_204"",""R_205"",""N_205"",""R_206"",""N_206"",""R_207"",""N_207"",""R_211"",""N_211"",""R_233"",""N_233"",""R_240"",""N_240"",""R_241"",""N_241"",""R_242"",""N_242"",""R_244"",""N_244"",""R_245"",""N_245"",""R_175"",""N_175"",""R_232"",""N_232""]",26,26,0,48625028,51091,46,0.000000,0.105071,-0.105071,0.000053,False
e7da9eb46c51968d53d11a08a1b29ee7afbcfdd08ec2b67af470cb45f446f3f1,"[""R_2"",""N_2"",""R_3"",""N_3"",""R_4"",""N_4"",""R_6"",""N_6"",""R_7"",""N_7"",""R_8"",""N_8"",""R_10"",""N_10"",""R_11"",""N_11"",""R_13"",""N_13"",""R_177"",""N_177"",""R_181"",""N_181"",""R_182"",""N_182"",""R_189"",""N_189"",""R_190"",""N_190"",""R_191"",""N_191"",""R_192"",""N_192"",""R_193"",""N_193"",""R_199"",""N_199"",""R_200"",""N_200"",""R_204"",""N_204"",""R_205"",""N_205"",""R_207"",""N_207"",""R_211"",""N_211"",""R_233"",""N_233"",""R_240"",""N_240"",""R_241"",""N_241"",""R_242"",""N_242"",""R_244"",""N_244"",""R_245"",""N_245"",""R_175"",""N_175"",""R_232"",""N_232""]",25,25,0,48625028,51091,47,0.000000,0.105071,-0.105071,0.000051,False
1aad6293c65c68de379c3f374c2cff07fbdc5f1fa7cebf6b930824a1556595ae,"[""R_2"",""N_2"",""R_3"",""N_3"",""R_4"",""N_4"",""R_6"",""N_6"",""R_7"",""N_7"",""R_8"",""N_8"",""R_9"",""N_9"",""R_10"",""N_10"",""R_11"",""N_11"",""R_13"",""N_13"",""R_177"",""N_177"",""R_181"",""N_181"",""R_182"",""N_182"",""R_189"",""N_189"",""R_190"",""N_190"",""R_191"",""N_191"",""R_192"",""N_192"",""R_193"",""N_193"",""R_200"",""N_200"",""R_204"",""N_204"",""R_205"",""N_205"",""R_207"",""N_207"",""R_211"",""N_211"",""R_233"",""N_233"",""R_240"",""N_240"",""R_241"",""N_241"",""R_242"",""N_242"",""R_244"",""N_244"",""R_245"",""N_245"",""R_175"",""N_175"",""R_232"",""N_232""]",22,22,0,48625028,51091,48,0.000000,0.105071,-0.105071,0.000045,False
e88d187f6671e5a133da0ccbc357cd97226d1eed68eac84501e5510caf9b610f,"[""R_2"",""N_2"",""R_3"",""N_3"",""R_4"",""N_4"",""R_5"",""N_5"",""R_6"",""N_6"",""R_7"",""N_7"",""R_8"",""N_8"",""R_10"",""N_10"",""R_11"",""N_11"",""R_13"",""N_13"",""R_177"",""N_177"",""R_181"",""N_181"",""R_182"",""N_182"",""R_189"",""N_189"",""R_190"",""N_190"",""R_191"",""N_191"",""R_192"",""N_192"",""R_193"",""N_193"",""R_200"",""N_200"",""R_204"",""N_204"",""R_205"",""N_205"",""R_207"",""N_207"",""R_211"",""N_211"",""R_233"",""N_233"",""R_240"",""N_240"",""R_241"",""N_241"",""R_242"",""N_242"",""R_244"",""N_244"",""R_245"",""N_245"",""R_175"",""N_175"",""R_232"",""N_232""]",22,22,0,48625028,51091,49,0.000000,0.105071,-0.105071,0.000045,False
50d054636e6043ce0617feb6ef615bfb0ef83f1d4db17b5a9ab2b6a0ad855b7b,"[""R_2"",""N_2"",""R_3"",""N_3"",""R_4"",""N_4"",""R_6"",""N_6"",""R_7"",""N_7"",""R_8"",""N_8"",""R_10"",""N_10"",""R_11"",""N_11"",""R_13"",""N_13"",""R_177"",""N_177"",""R_181"",""N_181"",""R_182"",""N_182"",""R_189"",""N_189"",""R_190"",""N_190"",""R_191"",""N_191"",""R_192"",""N_192"",""R_193"",""N_193"",""R_199"",""N_199"",""R_200"",""N_200"",""R_204"",""N_204"",""R_205"",""N_205"",""R_206"",""N_206"",""R_207"",""N_207"",""R_211"",""N_211"",""R_233"",""N_233"",""R_240"",""N_240"",""R_241"",""N_241"",""R_242"",""N_242"",""R_244"",""N_244"",""R_245"",""N_245"",""R_175"",""N_175"",""R_232"",""N_232""]",21,21,0,48625028,51091,50,0.000000,0.105071,-0.105071,0.000043,False
4e67b704b3d3164d8664b3e65844a395afd9246d590cbf64a3c8aff5db3d044e,"[""R_2"",""N_2"",""R_3"",""N_3"",""R_4"",""N_4"",""R_5"",""N_5"",""R_6"",""N_6"",""R_7"",""N_7"",""R_8"",""N_8"",""R_10"",""N_10"",""R_11"",""N_11"",""R_12"",""N_12"",""R_13"",""N_13"",""R_171"",""N_171"",""R_173"",""N_173"",""R_177"",""N_177"",""R_181"",""N_181"",""R_182"",""N_182"",""R_183"",""N_183"",""R_187"",""N_187"",""R_189"",""N_189"",""R_190"",""N_190"",""R_191"",""N_191"",""R_192"",""N_192"",""R_193"",""N_193"",""R_194"",""N_194"",""R_196"",""N_196"",""R_198"",""N_198"",""R_200"",""N_200"",""R_204"",""N_204"",""R_205"",""N_205"",""R_207"",""N_207"",""R_211"",""N_211"",""R_233"",""N_233"",""R_240"",""N_240"",""R_241"",""N_241"",""R_242"",""N_242"",""R_244"",""N_244"",""R_245"",""N_245"",""R_175"",""N_175"",""R_232"",""N_232""]",20,20,0,48625028,51091,51,0.000000,0.105071,-0.105071,0.000041,False
05cea876145841202d8e1037ccf931fb69247c60e51b3a633d4f526566306a07,"[""R_2"",""N_2"",""R_3"",""N_3"",""R_4"",""N_4"",""R_5"",""N_5"",""R_6"",""N_6"",""R_7"",""N_7"",""R_8"",""N_8"",""R_9"",""N_9"",""R_10"",""N_10"",""R_11"",""N_11"",""R_13"",""N_13"",""R_177"",""N_177"",""R_181"",""N_181"",""R_182"",""N_182"",""R_189"",""N_189"",""R_190"",""N_190"",""R_191"",""N_191"",""R_192"",""N_192"",""R_193"",""N_193"",""R_200"",""N_200"",""R_204"",""N_204"",""R_205"",""N_205"",""R_207"",""N_207"",""R_211"",""N_211"",""R_233"",""N_233"",""R_240"",""N_240"",""R_241"",""N_241"",""R_242"",""N_242"",""R_244"",""N_244"",""R_245"",""N_245"",""R_175"",""N_175"",""R_232"",""N_232""]",19,19,0,48625028,51091,52,0.000000,0.105071,-0.105071,0.000039,False
dc3abcbe77bd31fa37ce0772bd13edf27dbba6f18b01daad168fc7fda56139aa,"[""R_2"",""N_2"",""R_3"",""N_3"",""R_4"",""N_4"",""R_6"",""N_6"",""R_7"",""N_7"",""R_8"",""N_8"",""R_10"",""N_10"",""R_11"",""N_11"",""R_13"",""N_13"",""R_177"",""N_177"",""R_181"",""N_181"",""R_182"",""N_182"",""R_189"",""N_189"",""R_190"",""N_190"",""R_191"",""N_191"",""R_192"",""N_192"",""R_193"",""N_193"",""R_196"",""N_196"",""R_197"",""N_197"",""R_198"",""N_198"",""R_199"",""N_199"",""R_200"",""N_200"",""R_204"",""N_204"",""R_205"",""N_205"",""R_206"",""N_206"",""R_207"",""N_207"",""R_211"",""N_211"",""R_233"",""N_233"",""R_240"",""N_240"",""R_241"",""N_241"",""R_242"",""N_242"",""R_244"",""N_244"",""R_245"",""N_245"",""R_175"",""N_175"",""R_232"",""N_232""]",19,19,0,48625028,51091,53,0.000000,0.105071,-0.105071,0.000039,False
03e19edab16a2e24f4cfbb3af169d4811b20d8171cdb3fcb685bbefe4d426801,"[""R_2"",""N_2"",""R_3"",""N_3"",""R_4"",""N_4"",""R_6"",""N_6"",""R_7"",""N_7"",""R_8"",""N_8"",""R_10"",""N_10"",""R_11"",""N_11"",""R_13"",""N_13"",""R_177"",""N_177"",""R_181"",""N_181"",""R_182"",""N_182"",""R_187"",""N_187"",""R_189"",""N_189"",""R_190"",""N_190"",""R_191"",""N_191"",""R_192"",""N_192"",""R_193"",""N_193"",""R_200"",""N_200"",""R_204"",""N_204"",""R_205"",""N_205"",""R_207"",""N_207"",""R_211"",""N_211"",""R_233"",""N_233"",""R_240"",""N_240"",""R_241"",""N_241"",""R_242"",""N_242"",""R_244"",""N_244"",""R_245"",""N_245"",""R_175"",""N_175"",""R_232"",""N_232""]",18,18,0,48625028,51091,54,0.000000,0.105071,-0.105071,0.000037,False
5da5335a7534e070325b887f3bd7aaf72ea3700b1e04c4bd0cdbfd2e2be067e1,"[""R_2"",""N_2"",""R_3"",""N_3"",""R_4"",""N_4"",""R_6"",""N_6"",""R_7"",""N_7"",""R_8"",""N_8"",""R_10"",""N_10"",""R_11"",""N_11"",""R_13"",""N_13"",""R_177"",""N_177"",""R_181"",""N_181"",""R_182"",""N_182"",""R_189"",""N_189"",""R_190"",""N_190"",""R_191"",""N_191"",""R_192"",""N_192"",""R_193"",""N_193"",""R_197"",""N_197"",""R_200"",""N_200"",""R_204"",""N_204"",""R_205"",""N_205"",""R_207"",""N_207"",""R_211"",""N_211"",""R_233"",""N_233"",""R_240"",""N_240"",""R_241"",""N_241"",""R_242"",""N_242"",""R_244"",""N_244"",""R_245"",""N_245"",""R_175"",""N_175"",""R_232"",""N_232""]",18,18,0,48625028,51091,55,0.000000,0.105071,-0.105071,0.000037,False
fbf428a0fe57bfd5f28e4b1fea6b13ff813efe72ee46f4a7b481fa50625793e6,"[""R_2"",""N_2"",""R_3"",""N_3"",""R_4"",""N_4"",""R_6"",""N_6"",""R_7"",""N_7"",""R_8"",""N_8"",""R_10"",""N_10"",""R_11"",""N_11"",""R_13"",""N_13"",""R_170"",""N_170"",""R_177"",""N_177"",""R_181"",""N_181"",""R_182"",""N_182"",""R_189"",""N_189"",""R_190"",""N_190"",""R_191"",""N_191"",""R_192"",""N_192"",""R_193"",""N_193"",""R_200"",""N_200"",""R_204"",""N_204"",""R_205"",""N_205"",""R_207"",""N_207"",""R_211"",""N_211"",""R_233"",""N_233"",""R_240"",""N_240"",""R_241"",""N_241"",""R_242"",""N_242"",""R_244"",""N_244"",""R_245"",""N_245"",""R_175"",""N_175"",""R_232"",""N_232""]",18,18,0,48625028,51091,56,0.000000,0.105071,-0.105071,0.000037,False
02ff6f3784555312270e2ca682e6dc7ee3a308066912edcecddc6f5be67413b2,"[""R_2"",""N_2"",""R_3"",""N_3"",""R_4"",""N_4"",""R_6"",""N_6"",""R_7"",""N_7"",""R_8"",""N_8"",""R_10"",""N_10"",""R_11"",""N_11"",""R_13"",""N_13"",""R_177"",""N_177"",""R_181"",""N_181"",""R_182"",""N_182"",""R_189"",""N_189"",""R_190"",""N_190"",""R_191"",""N_191"",""R_192"",""N_192"",""R_193"",""N_193"",""R_196"",""N_196"",""R_200"",""N_200"",""R_204"",""N_204"",""R_205"",""N_205"",""R_207"",""N_207"",""R_211"",""N_211"",""R_233"",""N_233"",""R_240"",""N_240"",""R_241"",""N_241"",""R_242"",""N_242"",""R_244"",""N_244"",""R_245"",""N_245"",""R_175"",""N_175"",""R_232"",""N_232""]",17,17,0,48625028,51091,57,0.000000,0.105071,-0.105071,0.000035,False
522458ee68fef1af86f84b9f357b67629e357c831f80365f4bef1b1b1f5236e8,"[""R_2"",""N_2"",""R_3"",""N_3"",""R_4"",""N_4"",""R_6"",""N_6"",""R_7"",""N_7"",""R_8"",""N_8"",""R_10"",""N_10"",""R_11"",""N_11"",""R_13"",""N_13"",""R_172"",""N_172"",""R_177"",""N_177"",""R_181"",""N_181"",""R_182"",""N_182"",""R_189"",""N_189"",""R_190"",""N_190"",""R_191"",""N_191"",""R_192"",""N_192"",""R_193"",""N_193"",""R_200"",""N_200"",""R_204"",""N_204"",""R_205"",""N_205"",""R_207"",""N_207"",""R_211"",""N_211"",""R_233"",""N_233"",""R_240"",""N_240"",""R_241"",""N_241"",""R_242"",""N_242"",""R_244"",""N_244"",""R_245"",""N_245"",""R_175"",""N_175"",""R_232"",""N_232""]",17,17,0,48625028,51091,58,0.000000,0.105071,-0.105071,0.000035,False
ce3da7c6bf4cfa0de5d8facd229dd731210e390b4980330e321cb0fc20c47a7c,"[""R_2"",""N_2"",""R_3"",""N_3"",""R_4"",""N_4"",""R_6"",""N_6"",""R_7"",""N_7"",""R_8"",""N_8"",""R_10"",""N_10"",""R_11"",""N_11"",""R_13"",""N_13"",""R_177"",""N_177"",""R_181"",""N_181"",""R_182"",""N_182"",""R_189"",""N_189"",""R_190"",""N_190"",""R_191"",""N_191"",""R_192"",""N_192"",""R_193"",""N_193"",""R_198"",""N_198"",""R_200"",""N_200"",""R_204"",""N_204"",""R_205"",""N_205"",""R_207"",""N_207"",""R_211"",""N_211"",""R_233"",""N_233"",""R_240"",""N_240"",""R_241"",""N_241"",""R_242"",""N_242"",""R_244"",""N_244"",""R_245"",""N_245"",""R_175"",""N_175"",""R_232"",""N_232""]",17,17,0,48625028,51091,59,0.000000,0.105071,-0.105071,0.000035,False
ffb4da07458ea57f7bc776f2f7f6700756f2a3848a601a6283450a6f20e96e71,"[""R_2"",""N_2"",""R_3"",""N_3"",""R_4"",""N_4"",""R_6"",""N_6"",""R_7"",""N_7"",""R_8"",""N_8"",""R_10"",""N_10"",""R_11"",""N_11"",""R_13"",""N_13"",""R_177"",""N_177"",""R_181"",""N_181"",""R_182"",""N_182"",""R_188"",""N_188"",""R_189"",""N_189"",""R_190"",""N_190"",""R_191"",""N_191"",""R_192"",""N_192"",""R_193"",""N_193"",""R_194"",""N_194"",""R_195"",""N_195"",""R_196"",""N_196"",""R_197"",""N_197"",""R_198"",""N_198"",""R_199"",""N_199"",""R_200"",""N_200"",""R_204"",""N_204"",""R_205"",""N_205"",""R_206"",""N_206"",""R_207"",""N_207"",""R_211"",""N_211"",""R_233"",""N_233"",""R_240"",""N_240"",""R_241"",""N_241"",""R_242"",""N_242"",""R_244"",""N_244"",""R_245"",""N_245"",""R_175"",""N_175"",""R_232"",""N_232""]",17,17,0,48625028,51091,60,0.000000,0.105071,-0.105071,0.000035,False
5e147fba1f2495e87934fb3a2874c7fc6adf20038f5a2eaf596c726fdd39a09c,"[""R_1"",""N_1"",""R_2"",""N_2"",""R_3"",""N_3"",""R_4"",""N_4"",""R_5"",""N_5"",""R_6"",""N_6"",""R_7"",""N_7"",""R_8"",""N_8"",""R_9"",""N_9"",""R_10"",""N_10"",""R_11"",""N_11"",""R_12"",""N_12"",""R_13"",""N_13"",""R_170"",""N_170"",""R_171"",""N_171"",""R_172"",""N_172"",""R_173"",""N_173"",""R_174"",""N_174"",""R_177"",""N_177"",""R_180"",""N_180"",""R_181"",""N_181"",""R_182"",""N_182"",""R_183"",""N_183"",""R_184"",""N_184"",""R_187"",""N_187"",""R_188"",""N_188"",""R_189"",""N_189"",""R_190"",""N_190"",""R_191"",""N_191"",""R_192"",""N_192"",""R_193"",""N_193"",""R_194"",""N_194"",""R_195"",""N_195"",""R_196"",""N_196"",""R_197"",""N_197"",""R_198"",""N_198"",""R_200"",""N_200"",""R_204"",""N_204"",""R_205"",""N_205"",""R_207"",""N_207"",""R_211"",""N_211"",""R_233"",""N_233"",""R_240"",""N_240"",""R_241"",""N_241"",""R_242"",""N_242"",""R_244"",""N_244"",""R_245"",""N_245"",""R_175"",""N_175"",""R_232"",""N_232""]",16,16,0,48625028,51091,61,0.000000,0.105071,-0.105071,0.000033,False
92d2f977766689463b18243f7c68a2859d9fc20448acaabe94d1c92d13b87685,"[""R_2"",""N_2"",""R_3"",""N_3"",""R_4"",""N_4"",""R_6"",""N_6"",""R_7"",""N_7"",""R_8"",""N_8"",""R_10"",""N_10"",""R_11"",""N_11"",""R_13"",""N_13"",""R_177"",""N_177"",""R_181"",""N_181"",""R_182"",""N_182"",""R_189"",""N_189"",""R_190"",""N_190"",""R_191"",""N_191"",""R_192"",""N_192"",""R_193"",""N_193"",""R_194"",""N_194"",""R_200"",""N_200"",""R_204"",""N_204"",""R_205"",""N_205"",""R_207"",""N_207"",""R_211"",""N_211"",""R_233"",""N_233"",""R_240"",""N_240"",""R_241"",""N_241"",""R_242"",""N_242"",""R_244"",""N_244"",""R_245"",""N_245"",""R_175"",""N_175"",""R_232"",""N_232""]",16,16,0,48625028,51091,62,0.000000,0.105071,-0.105071,0.000033,False
d2e823cfd3c0cc7cdcd28f50523d0d9bddca345055f70704d54bea989d31c3c9,"[""R_2"",""N_2"",""R_3"",""N_3"",""R_4"",""N_4"",""R_6"",""N_6"",""R_7"",""N_7"",""R_8"",""N_8"",""R_10"",""N_10"",""R_11"",""N_11"",""R_13"",""N_13"",""R_177"",""N_177"",""R_181"",""N_181"",""R_182"",""N_182"",""R_183"",""N_183"",""R_189"",""N_189"",""R_190"",""N_190"",""R_191"",""N_191"",""R_192"",""N_192"",""R_193"",""N_193"",""R_200"",""N_200"",""R_204"",""N_204"",""R_205"",""N_205"",""R_207"",""N_207"",""R_211"",""N_211"",""R_233"",""N_233"",""R_240"",""N_240"",""R_241"",""N_241"",""R_242"",""N_242"",""R_244"",""N_244"",""R_245"",""N_245"",""R_175"",""N_175"",""R_232"",""N_232""]",16,16,0,48625028,51091,63,0.000000,0.105071,-0.105071,0.000033,False
d48939f276cb9dd2437c2c90212f87734778118a807f89a5311989a8029fab75,"[""R_2"",""N_2"",""R_3"",""N_3"",""R_4"",""N_4"",""R_6"",""N_6"",""R_7"",""N_7"",""R_8"",""N_8"",""R_10"",""N_10"",""R_11"",""N_11"",""R_13"",""N_13"",""R_177"",""N_177"",""R_181"",""N_181"",""R_182"",""N_182"",""R_189"",""N_189"",""R_190"",""N_190"",""R_191"",""N_191"",""R_192"",""N_192"",""R_193"",""N_193"",""R_197"",""N_197"",""R_198"",""N_198"",""R_199"",""N_199"",""R_200"",""N_200"",""R_204"",""N_204"",""R_205"",""N_205"",""R_206"",""N_206"",""R_207"",""N_207"",""R_211"",""N_211"",""R_233"",""N_233"",""R_240"",""N_240"",""R_241"",""N_241"",""R_242"",""N_242"",""R_244"",""N_244"",""R_245"",""N_245"",""R_175"",""N_175"",""R_232"",""N_232""]",16,16,0,48625028,51091,64,0.000000,0.105071,-0.105071,0.000033,False
be53d29d670e2e2b4bbb6ceb10588f3e9a143df30801f43823bd2e7b82502090,"[""R_2"",""N_2"",""R_3"",""N_3"",""R_4"",""N_4"",""R_6"",""N_6"",""R_7"",""N_7"",""R_8"",""N_8"",""R_10"",""N_10"",""R_11"",""N_11"",""R_13"",""N_13"",""R_177"",""N_177"",""R_181"",""N_181"",""R_182"",""N_182"",""R_189"",""N_189"",""R_190"",""N_190"",""R_191"",""N_191"",""R_192"",""N_192"",""R_193"",""N_193"",""R_197"",""N_197"",""R_198"",""N_198"",""R_199"",""N_199"",""R_200"",""N_200"",""R_204"",""N_204"",""R_205"",""N_205"",""R_207"",""N_207"",""R_211"",""N_211"",""R_233"",""N_233"",""R_240"",""N_240"",""R_241"",""N_241"",""R_242"",""N_242"",""R_244"",""N_244"",""R_245"",""N_245"",""R_175"",""N_175"",""R_232"",""N_232""]",15,15,0,48625028,51091,65,0.000000,0.105071,-0.105071,0.000031,False
c6b93b9d129ffedc430a9c1ff3b0de80470780d29ee64827a1294f7a8c3b83e7,"[""R_2"",""N_2"",""R_3"",""N_3"",""R_4"",""N_4"",""R_6"",""N_6"",""R_7"",""N_7"",""R_8"",""N_8"",""R_10"",""N_10"",""R_11"",""N_11"",""R_13"",""N_13"",""R_174"",""N_174"",""R_177"",""N_177"",""R_181"",""N_181"",""R_182"",""N_182"",""R_189"",""N_189"",""R_190"",""N_190"",""R_191"",""N_191"",""R_192"",""N_192"",""R_193"",""N_193"",""R_200"",""N_200"",""R_204"",""N_204"",""R_205"",""N_205"",""R_207"",""N_207"",""R_211"",""N_211"",""R_233"",""N_233"",""R_240"",""N_240"",""R_241"",""N_241"",""R_242"",""N_242"",""R_244"",""N_244"",""R_245"",""N_245"",""R_175"",""N_175"",""R_232"",""N_232""]",15,15,0,48625028,51091,66,0.000000,0.105071,-0.105071,0.000031,False
f384de76f8318fddb6d0a4ecc0025e629999ba9de10ea5edf9f3e4b3aaad214a,"[""R_2"",""N_2"",""R_3"",""N_3"",""R_4"",""N_4"",""R_6"",""N_6"",""R_7"",""N_7"",""R_8"",""N_8"",""R_10"",""N_10"",""R_11"",""N_11"",""R_13"",""N_13"",""R_171"",""N_171"",""R_177"",""N_177"",""R_181"",""N_181"",""R_182"",""N_182"",""R_189"",""N_189"",""R_190"",""N_190"",""R_191"",""N_191"",""R_192"",""N_192"",""R_193"",""N_193"",""R_200"",""N_200"",""R_204"",""N_204"",""R_205"",""N_205"",""R_207"",""N_207"",""R_211"",""N_211"",""R_233"",""N_233"",""R_240"",""N_240"",""R_241"",""N_241"",""R_242"",""N_242"",""R_244"",""N_244"",""R_245"",""N_245"",""R_175"",""N_175"",""R_232"",""N_232""]",15,15,0,48625028,51091,67,0.000000,0.105071,-0.105071,0.000031,False
0ebb45010a84972deb53cb69d5677931a8d715c7ad3d2ed38a626d9e2c2aa4cc,"[""R_2"",""N_2"",""R_3"",""N_3"",""R_4"",""N_4"",""R_6"",""N_6"",""R_7"",""N_7"",""R_8"",""N_8"",""R_10"",""N_10"",""R_11"",""N_11"",""R_13"",""N_13"",""R_177"",""N_177"",""R_181"",""N_181"",""R_182"",""N_182"",""R_189"",""N_189"",""R_190"",""N_190"",""R_191"",""N_191"",""R_192"",""N_192"",""R_193"",""N_193"",""R_194"",""N_194"",""R_195"",""N_195"",""R_196"",""N_196"",""R_197"",""N_197"",""R_200"",""N_200"",""R_204"",""N_204"",""R_205"",""N_205"",""R_207"",""N_207"",""R_211"",""N_211"",""R_233"",""N_233"",""R_240"",""N_240"",""R_241"",""N_241"",""R_242"",""N_242"",""R_244"",""N_244"",""R_245"",""N_245"",""R_175"",""N_175"",""R_232"",""N_232""]",14,14,0,48625028,51091,68,0.000000,0.105071,-0.105071,0.000029,False
56065d890661812d9ddd9dbe8257d2fd04fa7b6a0c42de3ab18d600b54dae96f,"[""R_2"",""N_2"",""R_3"",""N_3"",""R_4"",""N_4"",""R_6"",""N_6"",""R_7"",""N_7"",""R_8"",""N_8"",""R_10"",""N_10"",""R_11"",""N_11"",""R_13"",""N_13"",""R_177"",""N_177"",""R_181"",""N_181"",""R_182"",""N_182"",""R_189"",""N_189"",""R_190"",""N_190"",""R_191"",""N_191"",""R_192"",""N_192"",""R_193"",""N_193"",""R_195"",""N_195"",""R_196"",""N_196"",""R_200"",""N_200"",""R_204"",""N_204"",""R_205"",""N_205"",""R_207"",""N_207"",""R_211"",""N_211"",""R_233"",""N_233"",""R_240"",""N_240"",""R_241"",""N_241"",""R_242"",""N_242"",""R_244"",""N_244"",""R_245"",""N_245"",""R_175"",""N_175"",""R_232"",""N_232""]",14,14,0,48625028,51091,69,0.000000,0.105071,-0.105071,0.000029,False
8237f43ed7a8d2945fac1cc1ab7ec7453a0bfe0f049c788cef80750d3b8ddf97,"[""R_1"",""N_1"",""R_2"",""N_2"",""R_3"",""N_3"",""R_4"",""N_4"",""R_5"",""N_5"",""R_6"",""N_6"",""R_7"",""N_7"",""R_8"",""N_8"",""R_9"",""N_9"",""R_10"",""N_10"",""R_11"",""N_11"",""R_12"",""N_12"",""R_13"",""N_13"",""R_170"",""N_170"",""R_171"",""N_171"",""R_172"",""N_172"",""R_173"",""N_173"",""R_174"",""N_174"",""R_177"",""N_177"",""R_180"",""N_180"",""R_181"",""N_181"",""R_182"",""N_182"",""R_183"",""N_183"",""R_184"",""N_184"",""R_187"",""N_187"",""R_188"",""N_188"",""R_189"",""N_189"",""R_190"",""N_190"",""R_191"",""N_191"",""R_192"",""N_192"",""R_193"",""N_193"",""R_194"",""N_194"",""R_195"",""N_195"",""R_196"",""N_196"",""R_197"",""N_197"",""R_200"",""N_200"",""R_204"",""N_204"",""R_205"",""N_205"",""R_207"",""N_207"",""R_211"",""N_211"",""R_233"",""N_233"",""R_240"",""N_240"",""R_241"",""N_241"",""R_242"",""N_242"",""R_244"",""N_244"",""R_245"",""N_245"",""R_175"",""N_175"",""R_232"",""N_232""]",14,14,0,48625028,51091,70,0.000000,0.105071,-0.105071,0.000029,False
dbe6d793ef1a3923c42b29dc1aabb5bf1c586860a483bdaf6ebb7514a6cd773d,"[""R_2"",""N_2"",""R_3"",""N_3"",""R_4"",""N_4"",""R_6"",""N_6"",""R_7"",""N_7"",""R_8"",""N_8"",""R_10"",""N_10"",""R_11"",""N_11"",""R_13"",""N_13"",""R_177"",""N_177"",""R_181"",""N_181"",""R_182"",""N_182"",""R_189"",""N_189"",""R_190"",""N_190"",""R_191"",""N_191"",""R_192"",""N_192"",""R_193"",""N_193"",""R_198"",""N_198"",""R_199"",""N_199"",""R_200"",""N_200"",""R_204"",""N_204"",""R_205"",""N_205"",""R_207"",""N_207"",""R_211"",""N_211"",""R_233"",""N_233"",""R_240"",""N_240"",""R_241"",""N_241"",""R_242"",""N_242"",""R_244"",""N_244"",""R_245"",""N_245"",""R_175"",""N_175"",""R_232"",""N_232""]",14,14,0,48625028,51091,71,0.000000,0.105071,-0.105071,0.000029,False
47c61e2f3f2ae870371c7935dd0f28c5914957db667c854230348d4dc69ff419,"[""R_2"",""N_2"",""R_3"",""N_3"",""R_4"",""N_4"",""R_6"",""N_6"",""R_7"",""N_7"",""R_8"",""N_8"",""R_10"",""N_10"",""R_11"",""N_11"",""R_13"",""N_13"",""R_177"",""N_177"",""R_181"",""N_181"",""R_182"",""N_182"",""R_184"",""N_184"",""R_187"",""N_187"",""R_188"",""N_188"",""R_189"",""N_189"",""R_190"",""N_190"",""R_191"",""N_191"",""R_192"",""N_192"",""R_193"",""N_193"",""R_194"",""N_194"",""R_195"",""N_195"",""R_196"",""N_196"",""R_197"",""N_197"",""R_198"",""N_198"",""R_199"",""N_199"",""R_200"",""N_200"",""R_204"",""N_204"",""R_205"",""N_205"",""R_206"",""N_206"",""R_207"",""N_207"",""R_211"",""N_211"",""R_233"",""N_233"",""R_240"",""N_240"",""R_241"",""N_241"",""R_242"",""N_242"",""R_244"",""N_244"",""R_245"",""N_245"",""R_175"",""N_175"",""R_232"",""N_232""]",13,13,0,48625028,51091,72,0.000000,0.105071,-0.105071,0.000027,False
8ea323752b9ef18628b8888d26161c8a59cbe7fc8e7b62e58d005f2e303591b1,"[""R_2"",""N_2"",""R_3"",""N_3"",""R_4"",""N_4"",""R_6"",""N_6"",""R_7"",""N_7"",""R_8"",""N_8"",""R_10"",""N_10"",""R_11"",""N_11"",""R_13"",""N_13"",""R_173"",""N_173"",""R_174"",""N_174"",""R_177"",""N_177"",""R_181"",""N_181"",""R_182"",""N_182"",""R_189"",""N_189"",""R_190"",""N_190"",""R_191"",""N_191"",""R_192"",""N_192"",""R_193"",""N_193"",""R_200"",""N_200"",""R_204"",""N_204"",""R_205"",""N_205"",""R_207"",""N_207"",""R_211"",""N_211"",""R_233"",""N_233"",""R_240"",""N_240"",""R_241"",""N_241"",""R_242"",""N_242"",""R_244"",""N_244"",""R_245"",""N_245"",""R_175"",""N_175"",""R_232"",""N_232""]",13,13,0,48625028,51091,73,0.000000,0.105071,-0.105071,0.000027,False
979bef81c04aa16f53a48c965b9f626de83816035c3f68259143b498dd0e2402,"[""R_2"",""N_2"",""R_3"",""N_3"",""R_4"",""N_4"",""R_6"",""N_6"",""R_7"",""N_7"",""R_8"",""N_8"",""R_10"",""N_10"",""R_11"",""N_11"",""R_12"",""N_12"",""R_13"",""N_13"",""R_177"",""N_177"",""R_181"",""N_181"",""R_182"",""N_182"",""R_189"",""N_189"",""R_190"",""N_190"",""R_191"",""N_191"",""R_192"",""N_192"",""R_193"",""N_193"",""R_200"",""N_200"",""R_204"",""N_204"",""R_205"",""N_205"",""R_207"",""N_207"",""R_211"",""N_211"",""R_233"",""N_233"",""R_240"",""N_240"",""R_241"",""N_241"",""R_242"",""N_242"",""R_244"",""N_244"",""R_245"",""N_245"",""R_175"",""N_175"",""R_232"",""N_232""]",13,13,0,48625028,51091,74,0.000000,0.105071,-0.105071,0.000027,False
e84274fc972c516fdac518792296f995eada492051e68dfb87e6963da72165e5,"[""R_2"",""N_2"",""R_3"",""N_3"",""R_4"",""N_4"",""R_6"",""N_6"",""R_7"",""N_7"",""R_8"",""N_8"",""R_9"",""N_9"",""R_10"",""N_10"",""R_11"",""N_11"",""R_12"",""N_12"",""R_13"",""N_13"",""R_170"",""N_170"",""R_171"",""N_171"",""R_172"",""N_172"",""R_173"",""N_173"",""R_174"",""N_174"",""R_177"",""N_177"",""R_181"",""N_181"",""R_182"",""N_182"",""R_183"",""N_183"",""R_184"",""N_184"",""R_187"",""N_187"",""R_188"",""N_188"",""R_189"",""N_189"",""R_190"",""N_190"",""R_191"",""N_191"",""R_192"",""N_192"",""R_193"",""N_193"",""R_194"",""N_194"",""R_195"",""N_195"",""R_196"",""N_196"",""R_197"",""N_197"",""R_198"",""N_198"",""R_199"",""N_199"",""R_200"",""N_200"",""R_204"",""N_204"",""R_205"",""N_205"",""R_206"",""N_206"",""R_207"",""N_207"",""R_211"",""N_211"",""R_233"",""N_233"",""R_240"",""N_240"",""R_241"",""N_241"",""R_242"",""N_242"",""R_244"",""N_244"",""R_245"",""N_245"",""R_175"",""N_175"",""R_232"",""N_232""]",13,13,0,48625028,51091,75,0.000000,0.105071,-0.105071,0.000027,False
093ac6a7f0ce7b7e11ce6eccd86af49b8b10cf035262edf0124268dbba788a34,"[""R_2"",""N_2"",""R_3"",""N_3"",""R_4"",""N_4"",""R_6"",""N_6"",""R_7"",""N_7"",""R_8"",""N_8"",""R_10"",""N_10"",""R_11"",""N_11"",""R_13"",""N_13"",""R_173"",""N_173"",""R_174"",""N_174"",""R_177"",""N_177"",""R_181"",""N_181"",""R_182"",""N_182"",""R_183"",""N_183"",""R_184"",""N_184"",""R_187"",""N_187"",""R_188"",""N_188"",""R_189"",""N_189"",""R_190"",""N_190"",""R_191"",""N_191"",""R_192"",""N_192"",""R_193"",""N_193"",""R_194"",""N_194"",""R_195"",""N_195"",""R_196"",""N_196"",""R_197"",""N_197"",""R_198"",""N_198"",""R_199"",""N_199"",""R_200"",""N_200"",""R_204"",""N_204"",""R_205"",""N_205"",""R_206"",""N_206"",""R_207"",""N_207"",""R_211"",""N_211"",""R_233"",""N_233"",""R_240"",""N_240"",""R_241"",""N_241"",""R_242"",""N_242"",""R_244"",""N_244"",""R_245"",""N_245"",""R_175"",""N_175"",""R_232"",""N_232""]",12,12,0,48625028,51091,76,0.000000,0.105071,-0.105071,0.000025,False
566cf71c500711dd8c49c583042039c3dca8d790f4d13aa26721215f2ad77f05,"[""R_2"",""N_2"",""R_3"",""N_3"",""R_4"",""N_4"",""R_6"",""N_6"",""R_7"",""N_7"",""R_8"",""N_8"",""R_10"",""N_10"",""R_11"",""N_11"",""R_13"",""N_13"",""R_177"",""N_177"",""R_181"",""N_181"",""R_182"",""N_182"",""R_187"",""N_187"",""R_188"",""N_188"",""R_189"",""N_189"",""R_190"",""N_190"",""R_191"",""N_191"",""R_192"",""N_192"",""R_193"",""N_193"",""R_194"",""N_194"",""R_195"",""N_195"",""R_196"",""N_196"",""R_197"",""N_197"",""R_198"",""N_198"",""R_199"",""N_199"",""R_200"",""N_200"",""R_204"",""N_204"",""R_205"",""N_205"",""R_206"",""N_206"",""R_207"",""N_207"",""R_211"",""N_211"",""R_233"",""N_233"",""R_240"",""N_240"",""R_241"",""N_241"",""R_242"",""N_242"",""R_244"",""N_244"",""R_245"",""N_245"",""R_175"",""N_175"",""R_232"",""N_232""]",12,12,0,48625028,51091,77,0.000000,0.105071,-0.105071,0.000025,False
7f5313ceff163a9efb50e67b8f9906e2ceb2a3cd87f8b0ef338ae06c81db8680,"[""R_2"",""N_2"",""R_3"",""N_3"",""R_4"",""N_4"",""R_6"",""N_6"",""R_7"",""N_7"",""R_8"",""N_8"",""R_10"",""N_10"",""R_11"",""N_11"",""R_13"",""N_13"",""R_177"",""N_177"",""R_181"",""N_181"",""R_182"",""N_182"",""R_189"",""N_189"",""R_190"",""N_190"",""R_191"",""N_191"",""R_192"",""N_192"",""R_193"",""N_193"",""R_196"",""N_196"",""R_197"",""N_197"",""R_198"",""N_198"",""R_199"",""N_199"",""R_200"",""N_200"",""R_204"",""N_204"",""R_205"",""N_205"",""R_207"",""N_207"",""R_211"",""N_211"",""R_233"",""N_233"",""R_240"",""N_240"",""R_241"",""N_241"",""R_242"",""N_242"",""R_244"",""N_244"",""R_245"",""N_245"",""R_175"",""N_175"",""R_232"",""N_232""]",12,12,0,48625028,51091,78,0.000000,0.105071,-0.105071,0.000025,False
843c2cdae23b3ea10a5465537ef4e840f5660a42498db0a7b285530bbcf586d7,"[""R_1"",""N_1"",""R_2"",""N_2"",""R_3"",""N_3"",""R_4"",""N_4"",""R_5"",""N_5"",""R_6"",""N_6"",""R_7"",""N_7"",""R_8"",""N_8"",""R_9"",""N_9"",""R_10"",""N_10"",""R_11"",""N_11"",""R_13"",""N_13"",""R_173"",""N_173"",""R_174"",""N_174"",""R_177"",""N_177"",""R_180"",""N_180"",""R_181"",""N_181"",""R_182"",""N_182"",""R_183"",""N_183"",""R_184"",""N_184"",""R_187"",""N_187"",""R_188"",""N_188"",""R_189"",""N_189"",""R_190"",""N_190"",""R_191"",""N_191"",""R_192"",""N_192"",""R_193"",""N_193"",""R_194"",""N_194"",""R_195"",""N_195"",""R_196"",""N_196"",""R_197"",""N_197"",""R_198"",""N_198"",""R_199"",""N_199"",""R_200"",""N_200"",""R_204"",""N_204"",""R_205"",""N_205"",""R_206"",""N_206"",""R_207"",""N_207"",""R_211"",""N_211"",""R_233"",""N_233"",""R_240"",""N_240"",""R_241"",""N_241"",""R_242"",""N_242"",""R_244"",""N_244"",""R_245"",""N_245"",""R_175"",""N_175"",""R_232"",""N_232""]",12,12,0,48625028,51091,79,0.000000,0.105071,-0.105071,0.000025,False
8eb780b862988d804040cccc957072f93fc0ee473bcbbb8b63cfe9c85ac91107,"[""R_2"",""N_2"",""R_3"",""N_3"",""R_4"",""N_4"",""R_6"",""N_6"",""R_7"",""N_7"",""R_8"",""N_8"",""R_10"",""N_10"",""R_11"",""N_11"",""R_13"",""N_13"",""R_177"",""N_177"",""R_181"",""N_181"",""R_182"",""N_182"",""R_189"",""N_189"",""R_190"",""N_190"",""R_191"",""N_191"",""R_192"",""N_192"",""R_193"",""N_193"",""R_194"",""N_194"",""R_195"",""N_195"",""R_196"",""N_196"",""R_197"",""N_197"",""R_198"",""N_198"",""R_199"",""N_199"",""R_200"",""N_200"",""R_204"",""N_204"",""R_205"",""N_205"",""R_207"",""N_207"",""R_211"",""N_211"",""R_233"",""N_233"",""R_240"",""N_240"",""R_241"",""N_241"",""R_242"",""N_242"",""R_244"",""N_244"",""R_245"",""N_245"",""R_175"",""N_175"",""R_232"",""N_232""]",12,12,0,48625028,51091,80,0.000000,0.105071,-0.105071,0.000025,False
b9a9d3763f3a2bb0790ed1062875cb784efc2d561717c3dd42e0f48bde64db28,"[""R_2"",""N_2"",""R_3"",""N_3"",""R_4"",""N_4"",""R_6"",""N_6"",""R_7"",""N_7"",""R_8"",""N_8"",""R_10"",""N_10"",""R_11"",""N_11"",""R_13"",""N_13"",""R_172"",""N_172"",""R_173"",""N_173"",""R_174"",""N_174"",""R_177"",""N_177"",""R_181"",""N_181"",""R_182"",""N_182"",""R_183"",""N_183"",""R_184"",""N_184"",""R_187"",""N_187"",""R_188"",""N_188"",""R_189"",""N_189"",""R_190"",""N_190"",""R_191"",""N_191"",""R_192"",""N_192"",""R_193"",""N_193"",""R_194"",""N_194"",""R_195"",""N_195"",""R_196"",""N_196"",""R_197"",""N_197"",""R_198"",""N_198"",""R_199"",""N_199"",""R_200"",""N_200"",""R_204"",""N_204"",""R_205"",""N_205"",""R_206"",""N_206"",""R_207"",""N_207"",""R_211"",""N_211"",""R_233"",""N_233"",""R_240"",""N_240"",""R_241"",""N_241"",""R_242"",""N_242"",""R_244"",""N_244"",""R_245"",""N_245"",""R_175"",""N_175"",""R_232"",""N_232""]",12,12,0,48625028,51091,81,0.000000,0.105071,-0.105071,0.000025,False
dba535a0ac22c9b8619ace26240909384eba6516aacd39272eabd3eb86a96089,"[""R_1"",""N_1"",""R_2"",""N_2"",""R_3"",""N_3"",""R_4"",""N_4"",""R_5"",""N_5"",""R_6"",""N_6"",""R_7"",""N_7"",""R_8"",""N_8"",""R_9"",""N_9"",""R_10"",""N_10"",""R_11"",""N_11"",""R_12"",""N_12"",""R_13"",""N_13"",""R_170"",""N_170"",""R_171"",""N_171"",""R_172"",""N_172"",""R_177"",""N_177"",""R_180"",""N_180"",""R_181"",""N_181"",""R_182"",""N_182"",""R_189"",""N_189"",""R_190"",""N_190"",""R_191"",""N_191"",""R_192"",""N_192"",""R_193"",""N_193"",""R_200"",""N_200"",""R_204"",""N_204"",""R_205"",""N_205"",""R_207"",""N_207"",""R_211"",""N_211"",""R_233"",""N_233"",""R_240"",""N_240"",""R_241"",""N_241"",""R_242"",""N_242"",""R_244"",""N_244"",""R_245"",""N_245"",""R_175"",""N_175"",""R_232"",""N_232""]",12,12,0,48625028,51091,82,0.000000,0.105071,-0.105071,0.000025,False
df4e1745613194d2c4ef1cea2499a3d03250d70f85fdc91b41ffe7af28aa2800,"[""R_1"",""N_1"",""R_2"",""N_2"",""R_3"",""N_3"",""R_4"",""N_4"",""R_5"",""N_5"",""R_6"",""N_6"",""R_7"",""N_7"",""R_8"",""N_8"",""R_9"",""N_9"",""R_10"",""N_10"",""R_11"",""N_11"",""R_12"",""N_12"",""R_13"",""N_13"",""R_170"",""N_170"",""R_171"",""N_171"",""R_172"",""N_172"",""R_173"",""N_173"",""R_174"",""N_174"",""R_177"",""N_177"",""R_180"",""N_180"",""R_181"",""N_181"",""R_182"",""N_182"",""R_183"",""N_183"",""R_184"",""N_184"",""R_187"",""N_187"",""R_188"",""N_188"",""R_189"",""N_189"",""R_190"",""N_190"",""R_191"",""N_191"",""R_192"",""N_192"",""R_193"",""N_193"",""R_194"",""N_194"",""R_195"",""N_195"",""R_196"",""N_196"",""R_197"",""N_197"",""R_200"",""N_200"",""R_204"",""N_204"",""R_205"",""N_205"",""R_206"",""N_206"",""R_207"",""N_207"",""R_211"",""N_211"",""R_233"",""N_233"",""R_240"",""N_240"",""R_241"",""N_241"",""R_242"",""N_242"",""R_244"",""N_244"",""R_245"",""N_245"",""R_175"",""N_175"",""R_232"",""N_232""]",12,12,0,48625028,51091,83,0.000000,0.105071,-0.105071,0.000025,False
29bce90e4ca98fddf9350ba15b64ca9c461e3864ef1f2d2dde18169cb372ef09,"[""R_1"",""N_1"",""R_2"",""N_2"",""R_3"",""N_3"",""R_4"",""N_4"",""R_5"",""N_5"",""R_6"",""N_6"",""R_7"",""N_7"",""R_8"",""N_8"",""R_9"",""N_9"",""R_10"",""N_10"",""R_11"",""N_11"",""R_12"",""N_12"",""R_13"",""N_13"",""R_170"",""N_170"",""R_171"",""N_171"",""R_172"",""N_172"",""R_173"",""N_173"",""R_174"",""N_174"",""R_177"",""N_177"",""R_180"",""N_180"",""R_181"",""N_181"",""R_182"",""N_182"",""R_183"",""N_183"",""R_184"",""N_184"",""R_187"",""N_187"",""R_188"",""N_188"",""R_189"",""N_189"",""R_190"",""N_190"",""R_191"",""N_191"",""R_192"",""N_192"",""R_193"",""N_193"",""R_194"",""N_194"",""R_200"",""N_200"",""R_204"",""N_204"",""R_205"",""N_205"",""R_207"",""N_207"",""R_211"",""N_211"",""R_233"",""N_233"",""R_240"",""N_240"",""R_241"",""N_241"",""R_242"",""N_242"",""R_244"",""N_244"",""R_245"",""N_245"",""R_175"",""N_175"",""R_232"",""N_232""]",11,11,0,48625028,51091,84,0.000000,0.105071,-0.105071,0.000023,False
2adc5c83ea543405beb2221b1546f150fff37465674f4b4f317f7e4e1b809d12,"[""R_2"",""N_2"",""R_3"",""N_3"",""R_4"",""N_4"",""R_6"",""N_6"",""R_7"",""N_7"",""R_8"",""N_8"",""R_10"",""N_10"",""R_11"",""N_11"",""R_13"",""N_13"",""R_173"",""N_173"",""R_177"",""N_177"",""R_181"",""N_181"",""R_182"",""N_182"",""R_189"",""N_189"",""R_190"",""N_190"",""R_191"",""N_191"",""R_192"",""N_192"",""R_193"",""N_193"",""R_200"",""N_200"",""R_204"",""N_204"",""R_205"",""N_205"",""R_207"",""N_207"",""R_211"",""N_211"",""R_233"",""N_233"",""R_240"",""N_240"",""R_241"",""N_241"",""R_242"",""N_242"",""R_244"",""N_244"",""R_245"",""N_245"",""R_175"",""N_175"",""R_232"",""N_232""]",11,11,0,48625028,51091,85,0.000000,0.105071,-0.105071,0.000023,False
64973623503f95e8bc27b029c8166a9117151c1fbd509137e753d3dd50c8dcba,"[""R_2"",""N_2"",""R_3"",""N_3"",""R_4"",""N_4"",""R_6"",""N_6"",""R_7"",""N_7"",""R_8"",""N_8"",""R_10"",""N_10"",""R_11"",""N_11"",""R_13"",""N_13"",""R_170"",""N_170"",""R_171"",""N_171"",""R_172"",""N_172"",""R_173"",""N_173"",""R_177"",""N_177"",""R_181"",""N_181"",""R_182"",""N_182"",""R_189"",""N_189"",""R_190"",""N_190"",""R_191"",""N_191"",""R_192"",""N_192"",""R_193"",""N_193"",""R_200"",""N_200"",""R_204"",""N_204"",""R_205"",""N_205"",""R_207"",""N_207"",""R_211"",""N_211"",""R_233"",""N_233"",""R_240"",""N_240"",""R_241"",""N_241"",""R_242"",""N_242"",""R_244"",""N_244"",""R_245"",""N_245"",""R_175"",""N_175"",""R_232"",""N_232""]",11,11,0,48625028,51091,86,0.000000,0.105071,-0.105071,0.000023,False
6fc67210f7702970ed061d8f6ea95d3d911cb97f70b099e58bbc995beb22bd5b,"[""R_2"",""N_2"",""R_3"",""N_3"",""R_4"",""N_4"",""R_6"",""N_6"",""R_7"",""N_7"",""R_8"",""N_8"",""R_10"",""N_10"",""R_11"",""N_11"",""R_13"",""N_13"",""R_172"",""N_172"",""R_173"",""N_173"",""R_174"",""N_174"",""R_177"",""N_177"",""R_181"",""N_181"",""R_182"",""N_182"",""R_183"",""N_183"",""R_184"",""N_184"",""R_187"",""N_187"",""R_188"",""N_188"",""R_189"",""N_189"",""R_190"",""N_190"",""R_191"",""N_191"",""R_192"",""N_192"",""R_193"",""N_193"",""R_194"",""N_194"",""R_200"",""N_200"",""R_204"",""N_204"",""R_205"",""N_205"",""R_207"",""N_207"",""R_211"",""N_211"",""R_233"",""N_233"",""R_240"",""N_240"",""R_241"",""N_241"",""R_242"",""N_242"",""R_244"",""N_244"",""R_245"",""N_245"",""R_175"",""N_175"",""R_232"",""N_232""]",11,11,0,48625028,51091,87,0.000000,0.105071,-0.105071,0.000023,False
760c24d387892f554bee9f028f4c3772ae40741f3c5f31d14ae4f96fef8f3c18,"[""R_2"",""N_2"",""R_3"",""N_3"",""R_4"",""N_4"",""R_6"",""N_6"",""R_7"",""N_7"",""R_8"",""N_8"",""R_10"",""N_10"",""R_11"",""N_11"",""R_13"",""N_13"",""R_177"",""N_177"",""R_181"",""N_181"",""R_182"",""N_182"",""R_189"",""N_189"",""R_190"",""N_190"",""R_191"",""N_191"",""R_192"",""N_192"",""R_193"",""N_193"",""R_194"",""N_194"",""R_195"",""N_195"",""R_196"",""N_196"",""R_197"",""N_197"",""R_198"",""N_198"",""R_199"",""N_199"",""R_200"",""N_200"",""R_204"",""N_204"",""R_205"",""N_205"",""R_206"",""N_206"",""R_207"",""N_207"",""R_211"",""N_211"",""R_233"",""N_233"",""R_240"",""N_240"",""R_241"",""N_241"",""R_242"",""N_242"",""R_244"",""N_244"",""R_245"",""N_245"",""R_175"",""N_175"",""R_232"",""N_232""]",11,11,0,48625028,51091,88,0.000000,0.105071,-0.105071,0.000023,False
7b130b1b9db1641dafbb852afbffe9b2b70e966875350ca42f4d44b7bbce6d2f,"[""R_2"",""N_2"",""R_3"",""N_3"",""R_4"",""N_4"",""R_6"",""N_6"",""R_7"",""N_7"",""R_8"",""N_8"",""R_10"",""N_10"",""R_11"",""N_11"",""R_13"",""N_13"",""R_177"",""N_177"",""R_181"",""N_181"",""R_182"",""N_182"",""R_188"",""N_188"",""R_189"",""N_189"",""R_190"",""N_190"",""R_191"",""N_191"",""R_192"",""N_192"",""R_193"",""N_193"",""R_200"",""N_200"",""R_204"",""N_204"",""R_205"",""N_205"",""R_207"",""N_207"",""R_211"",""N_211"",""R_233"",""N_233"",""R_240"",""N_240"",""R_241"",""N_241"",""R_242"",""N_242"",""R_244"",""N_244"",""R_245"",""N_245"",""R_175"",""N_175"",""R_232"",""N_232""]",11,11,0,48625028,51091,89,0.000000,0.105071,-0.105071,0.000023,False
a3479530855235125c8def9ec12086a71e6d9a8b0b1fdcd3fb80208003fcdfdf,"[""R_2"",""N_2"",""R_3"",""N_3"",""R_4"",""N_4"",""R_6"",""N_6"",""R_7"",""N_7"",""R_8"",""N_8"",""R_10"",""N_10"",""R_11"",""N_11"",""R_13"",""N_13"",""R_177"",""N_177"",""R_181"",""N_181"",""R_182"",""N_182"",""R_189"",""N_189"",""R_190"",""N_190"",""R_191"",""N_191"",""R_192"",""N_192"",""R_193"",""N_193"",""R_195"",""N_195"",""R_200"",""N_200"",""R_204"",""N_204"",""R_205"",""N_205"",""R_207"",""N_207"",""R_211"",""N_211"",""R_233"",""N_233"",""R_240"",""N_240"",""R_241"",""N_241"",""R_242"",""N_242"",""R_244"",""N_244"",""R_245"",""N_245"",""R_175"",""N_175"",""R_232"",""N_232""]",11,11,0,48625028,51091,90,0.000000,0.105071,-0.105071,0.000023,False
a783ea13e1fcab27f4499f0e576f27f37f5459f098c654c6c28e1eed38f2f156,"[""R_2"",""N_2"",""R_3"",""N_3"",""R_4"",""N_4"",""R_6"",""N_6"",""R_7"",""N_7"",""R_8"",""N_8"",""R_10"",""N_10"",""R_11"",""N_11"",""R_13"",""N_13"",""R_170"",""N_170"",""R_171"",""N_171"",""R_172"",""N_172"",""R_173"",""N_173"",""R_174"",""N_174"",""R_177"",""N_177"",""R_181"",""N_181"",""R_182"",""N_182"",""R_183"",""N_183"",""R_184"",""N_184"",""R_187"",""N_187"",""R_188"",""N_188"",""R_189"",""N_189"",""R_190"",""N_190"",""R_191"",""N_191"",""R_192"",""N_192"",""R_193"",""N_193"",""R_194"",""N_194"",""R_195"",""N_195"",""R_196"",""N_196"",""R_197"",""N_197"",""R_198"",""N_198"",""R_199"",""N_199"",""R_200"",""N_200"",""R_204"",""N_204"",""R_205"",""N_205"",""R_206"",""N_206"",""R_207"",""N_207"",""R_211"",""N_211"",""R_233"",""N_233"",""R_240"",""N_240"",""R_241"",""N_241"",""R_242"",""N_242"",""R_244"",""N_244"",""R_245"",""N_245"",""R_175"",""N_175"",""R_232"",""N_232""]",11,11,0,48625028,51091,91,0.000000,0.105071,-0.105071,0.000023,False
095f7be98860d40659daa5ebb810f1af6fd70c9e6b24324bfd7cfa979d3c6f68,"[""R_2"",""N_2"",""R_3"",""N_3"",""R_4"",""N_4"",""R_5"",""N_5"",""R_6"",""N_6"",""R_7"",""N_7"",""R_8"",""N_8"",""R_9"",""N_9"",""R_10"",""N_10"",""R_11"",""N_11"",""R_12"",""N_12"",""R_13"",""N_13"",""R_170"",""N_170"",""R_171"",""N_171"",""R_172"",""N_172"",""R_173"",""N_173"",""R_174"",""N_174"",""R_177"",""N_177"",""R_181"",""N_181"",""R_182"",""N_182"",""R_183"",""N_183"",""R_184"",""N_184"",""R_187"",""N_187"",""R_188"",""N_188"",""R_189"",""N_189"",""R_190"",""N_190"",""R_191"",""N_191"",""R_192"",""N_192"",""R_193"",""N_193"",""R_194"",""N_194"",""R_195"",""N_195"",""R_196"",""N_196"",""R_197"",""N_197"",""R_198"",""N_198"",""R_199"",""N_199"",""R_200"",""N_200"",""R_204"",""N_204"",""R_205"",""N_205"",""R_206"",""N_206"",""R_207"",""N_207"",""R_211"",""N_211"",""R_233"",""N_233"",""R_240"",""N_240"",""R_241"",""N_241"",""R_242"",""N_242"",""R_244"",""N_244"",""R_245"",""N_245"",""R_175"",""N_175"",""R_232"",""N_232""]",10,10,0,48625028,51091,92,0.000000,0.105071,-0.105071,0.000021,False
366623caacde8edfe38f549420163255117c6c80e8599b76610a05625ff3edd3,"[""R_2"",""N_2"",""R_3"",""N_3"",""R_4"",""N_4"",""R_6"",""N_6"",""R_7"",""N_7"",""R_8"",""N_8"",""R_10"",""N_10"",""R_11"",""N_11"",""R_13"",""N_13"",""R_171"",""N_171"",""R_172"",""N_172"",""R_173"",""N_173"",""R_177"",""N_177"",""R_181"",""N_181"",""R_182"",""N_182"",""R_189"",""N_189"",""R_190"",""N_190"",""R_191"",""N_191"",""R_192"",""N_192"",""R_193"",""N_193"",""R_200"",""N_200"",""R_204"",""N_204"",""R_205"",""N_205"",""R_207"",""N_207"",""R_211"",""N_211"",""R_233"",""N_233"",""R_240"",""N_240"",""R_241"",""N_241"",""R_242"",""N_242"",""R_244"",""N_244"",""R_245"",""N_245"",""R_175"",""N_175"",""R_232"",""N_232""]",10,10,0,48625028,51091,93,0.000000,0.105071,-0.105071,0.000021,False
5d1461c62ecdf4f592719babcb8d03a91f01a2a11e24f14f8ffd45f214e5a548,"[""R_2"",""N_2"",""R_3"",""N_3"",""R_4"",""N_4"",""R_5"",""N_5"",""R_6"",""N_6"",""R_7"",""N_7"",""R_8"",""N_8"",""R_9"",""N_9"",""R_10"",""N_10"",""R_11"",""N_11"",""R_12"",""N_12"",""R_13"",""N_13"",""R_170"",""N_170"",""R_171"",""N_171"",""R_172"",""N_172"",""R_173"",""N_173"",""R_174"",""N_174"",""R_177"",""N_177"",""R_181"",""N_181"",""R_182"",""N_182"",""R_189"",""N_189"",""R_190"",""N_190"",""R_191"",""N_191"",""R_192"",""N_192"",""R_193"",""N_193"",""R_200"",""N_200"",""R_204"",""N_204"",""R_205"",""N_205"",""R_207"",""N_207"",""R_211"",""N_211"",""R_233"",""N_233"",""R_240"",""N_240"",""R_241"",""N_241"",""R_242"",""N_242"",""R_244"",""N_244"",""R_245"",""N_245"",""R_175"",""N_175"",""R_232"",""N_232""]",10,10,0,48625028,51091,94,0.000000,0.105071,-0.105071,0.000021,False
a22ceebc5dab45700e8788327e03443cd10152d916e2403604684c37289bf2e2,"[""R_2"",""N_2"",""R_3"",""N_3"",""R_4"",""N_4"",""R_6"",""N_6"",""R_7"",""N_7"",""R_8"",""N_8"",""R_10"",""N_10"",""R_11"",""N_11"",""R_13"",""N_13"",""R_177"",""N_177"",""R_181"",""N_181"",""R_182"",""N_182"",""R_189"",""N_189"",""R_190"",""N_190"",""R_191"",""N_191"",""R_192"",""N_192"",""R_193"",""N_193"",""R_197"",""N_197"",""R_198"",""N_198"",""R_200"",""N_200"",""R_204"",""N_204"",""R_205"",""N_205"",""R_207"",""N_207"",""R_211"",""N_211"",""R_233"",""N_233"",""R_240"",""N_240"",""R_241"",""N_241"",""R_242"",""N_242"",""R_244"",""N_244"",""R_245"",""N_245"",""R_175"",""N_175"",""R_232"",""N_232""]",10,10,0,48625028,51091,95,0.000000,0.105071,-0.105071,0.000021,False
a44b9bc1f880a61b3c3d32d588b34e47003d029f12602d6f221c4513a2533123,"[""R_2"",""N_2"",""R_3"",""N_3"",""R_4"",""N_4"",""R_6"",""N_6"",""R_7"",""N_7"",""R_8"",""N_8"",""R_10"",""N_10"",""R_11"",""N_11"",""R_13"",""N_13"",""R_177"",""N_177"",""R_181"",""N_181"",""R_182"",""N_182"",""R_184"",""N_184"",""R_187"",""N_187"",""R_189"",""N_189"",""R_190"",""N_190"",""R_191"",""N_191"",""R_192"",""N_192"",""R_193"",""N_193"",""R_200"",""N_200"",""R_204"",""N_204"",""R_205"",""N_205"",""R_207"",""N_207"",""R_211"",""N_211"",""R_233"",""N_233"",""R_240"",""N_240"",""R_241"",""N_241"",""R_242"",""N_242"",""R_244"",""N_244"",""R_245"",""N_245"",""R_175"",""N_175"",""R_232"",""N_232""]",10,10,0,48625028,51091,96,0.000000,0.105071,-0.105071,0.000021,False
faf43d597c14e92dabda9ee5abf244f9bdf48643f825387a4d9de0f14fa4a164,"[""R_2"",""N_2"",""R_3"",""N_3"",""R_4"",""N_4"",""R_6"",""N_6"",""R_7"",""N_7"",""R_8"",""N_8"",""R_10"",""N_10"",""R_11"",""N_11"",""R_13"",""N_13"",""R_171"",""N_171"",""R_172"",""N_172"",""R_173"",""N_173"",""R_174"",""N_174"",""R_177"",""N_177"",""R_181"",""N_181"",""R_182"",""N_182"",""R_183"",""N_183"",""R_184"",""N_184"",""R_189"",""N_189"",""R_190"",""N_190"",""R_191"",""N_191"",""R_192"",""N_192"",""R_193"",""N_193"",""R_200"",""N_200"",""R_204"",""N_204"",""R_205"",""N_205"",""R_207"",""N_207"",""R_211"",""N_211"",""R_233"",""N_233"",""R_240"",""N_240"",""R_241"",""N_241"",""R_242"",""N_242"",""R_244"",""N_244"",""R_245"",""N_245"",""R_175"",""N_175"",""R_232"",""N_232""]",10,10,0,48625028,51091,97,0.000000,0.105071,-0.105071,0.000021,False
01570fcc965b7dc033e1741e6a5eb02eb201f41fe83999a5910a084fe1392646,"[""R_2"",""N_2"",""R_3"",""N_3"",""R_4"",""N_4"",""R_6"",""N_6"",""R_7"",""N_7"",""R_8"",""N_8"",""R_10"",""N_10"",""R_11"",""N_11"",""R_13"",""N_13"",""R_177"",""N_177"",""R_181"",""N_181"",""R_182"",""N_182"",""R_189"",""N_189"",""R_190"",""N_190"",""R_191"",""N_191"",""R_192"",""N_192"",""R_193"",""N_193"",""R_195"",""N_195"",""R_196"",""N_196"",""R_197"",""N_197"",""R_198"",""N_198"",""R_199"",""N_199"",""R_200"",""N_200"",""R_204"",""N_204"",""R_205"",""N_205"",""R_206"",""N_206"",""R_207"",""N_207"",""R_211"",""N_211"",""R_233"",""N_233"",""R_240"",""N_240"",""R_241"",""N_241"",""R_242"",""N_242"",""R_244"",""N_244"",""R_245"",""N_245"",""R_175"",""N_175"",""R_232"",""N_232""]",9,9,0,48625028,51091,98,0.000000,0.105071,-0.105071,0.000019,False
1e64b58a9177be6c92e46d5c871c021f7629b8dcf9d5262a7c99e38b12806385,"[""R_2"",""N_2"",""R_3"",""N_3"",""R_4"",""N_4"",""R_6"",""N_6"",""R_7"",""N_7"",""R_8"",""N_8"",""R_9"",""N_9"",""R_10"",""N_10"",""R_11"",""N_11"",""R_12"",""N_12"",""R_13"",""N_13"",""R_177"",""N_177"",""R_181"",""N_181"",""R_182"",""N_182"",""R_189"",""N_189"",""R_190"",""N_190"",""R_191"",""N_191"",""R_192"",""N_192"",""R_193"",""N_193"",""R_200"",""N_200"",""R_204"",""N_204"",""R_205"",""N_205"",""R_207"",""N_207"",""R_211"",""N_211"",""R_233"",""N_233"",""R_240"",""N_240"",""R_241"",""N_241"",""R_242"",""N_242"",""R_244"",""N_244"",""R_245"",""N_245"",""R_175"",""N_175"",""R_232"",""N_232""]",9,9,0,48625028,51091,99,0.000000,0.105071,-0.105071,0.000019,False
2814c61a22f5e8968a75c8671cde9c34daf01d3836011ce777ca4b0a5d9cd386,"[""R_2"",""N_2"",""R_3"",""N_3"",""R_4"",""N_4"",""R_6"",""N_6"",""R_7"",""N_7"",""R_8"",""N_8"",""R_10"",""N_10"",""R_11"",""N_11"",""R_13"",""N_13"",""R_177"",""N_177"",""R_181"",""N_181"",""R_182"",""N_182"",""R_189"",""N_189"",""R_190"",""N_190"",""R_191"",""N_191"",""R_192"",""N_192"",""R_193"",""N_193"",""R_196"",""N_196"",""R_197"",""N_197"",""R_198"",""N_198"",""R_200"",""N_200"",""R_204"",""N_204"",""R_205"",""N_205"",""R_207"",""N_207"",""R_211"",""N_211"",""R_233"",""N_233"",""R_240"",""N_240"",""R_241"",""N_241"",""R_242"",""N_242"",""R_244"",""N_244"",""R_245"",""N_245"",""R_175"",""N_175"",""R_232"",""N_232""]",9,9,0,48625028,51091,100,0.000000,0.105071,-0.105071,0.000019,False
