VARIABLE,NULL_OBSERVATIONS,PRESENT_OBSERVATIONS,FAILURE_RATE_WHEN_NULL_PERCENT,FAILURE_RATE_WHEN_PRESENT_PERCENT,NULL_MINUS_PRESENT_PP
N_5,120897,48504131,0.033913165752665494,0.10524876736787636,-0.07133560161521087
R_5,120897,48504131,0.033913165752665494,0.10524876736787636,-0.07133560161521087
R_1,120933,48504095,0.03472997444866165,0.10524678380248101,-0.07051680935381935
N_1,120933,48504095,0.03472997444866165,0.10524678380248101,-0.07051680935381935
R_9,120931,48504097,0.03473054882536322,0.10524677946277404,-0.07051623063741082
N_9,120931,48504097,0.03473054882536322,0.10524677946277404,-0.07051623063741082
R_174,120851,48504177,0.034753539482503246,0.10524660587478889,-0.07049306639228564
N_174,120851,48504177,0.034753539482503246,0.10524660587478889,-0.07049306639228564
R_12,120873,48504155,0.03557452863749555,0.10524459193238188,-0.06967006329488633
N_12,120873,48504155,0.03557452863749555,0.10524459193238188,-0.06967006329488633
R_170,120841,48504187,0.03558394915632939,0.10524452249864533,-0.06966057334231593
N_170,120841,48504187,0.03558394915632939,0.10524452249864533,-0.06966057334231593
N_197,120780,48504248,0.03560192084782249,0.10524439014083879,-0.0696424692930163
R_197,120780,48504248,0.03560192084782249,0.10524439014083879,-0.0696424692930163
N_188,120780,48504248,0.03560192084782249,0.10524439014083879,-0.0696424692930163
R_188,120780,48504248,0.03560192084782249,0.10524439014083879,-0.0696424692930163
N_194,120772,48504256,0.03560427913754844,0.10524437278246264,-0.06964009364491419
R_194,120772,48504256,0.03560427913754844,0.10524437278246264,-0.06964009364491419
R_183,120770,48504258,0.03560486875879772,0.1052443684428695,-0.06963949968407178
N_183,120770,48504258,0.03560486875879772,0.1052443684428695,-0.06963949968407178
R_196,120725,48504303,0.03561814040173949,0.10524427080211832,-0.06962613040037882
N_196,120725,48504303,0.03561814040173949,0.10524427080211832,-0.06962613040037882
N_172,120881,48504147,0.03639943415425088,0.10524254761144444,-0.06884311345719357
R_172,120881,48504147,0.03639943415425088,0.10524254761144444,-0.06884311345719357
N_173,120877,48504151,0.036400638665751134,0.10524253893238952,-0.06884190026663839
R_173,120877,48504151,0.036400638665751134,0.10524253893238952,-0.06884190026663839
R_184,120827,48504201,0.03641570178850754,0.10524243044432378,-0.06882672865581624
N_184,120827,48504201,0.03641570178850754,0.10524243044432378,-0.06882672865581624
N_195,120733,48504295,0.036444054235378893,0.10524222648736571,-0.06879817225198681
R_195,120733,48504295,0.036444054235378893,0.10524222648736571,-0.06879817225198681
R_206,120729,48504299,0.03644526170182806,0.10524221780836375,-0.06879695610653569
N_206,120729,48504299,0.03644526170182806,0.10524221780836375,-0.06879695610653569
R_198,120727,48504301,0.03644586546505753,0.10524221346886331,-0.06879634800380578
N_198,120727,48504301,0.03644586546505753,0.10524221346886331,-0.06879634800380578
R_180,120668,48504360,0.036463685484138295,0.10524208545376126,-0.06877839996962297
N_180,120668,48504360,0.036463685484138295,0.10524208545376126,-0.06877839996962297
N_171,120892,48504136,0.03722330675313503,0.1052405097989994,-0.06801720304586437
R_171,120892,48504136,0.03722330675313503,0.1052405097989994,-0.06801720304586437
N_187,120827,48504201,0.03724333137460998,0.10524036876723317,-0.0679970373926232
R_187,120827,48504201,0.03724333137460998,0.10524036876723317,-0.0679970373926232
R_199,120734,48504294,0.038100286580416455,0.10523810531084114,-0.06713781873042468
N_199,120734,48504294,0.038100286580416455,0.10523810531084114,-0.06713781873042468
