,VARIABLE,MC1_NULL_COUNT,MC1_NON_NULL_COUNT,MC1_NULL_PERCENT,OTHER_MODELS_NON_NULL_COUNT,CLASSIFICATION
0,R_177,61484596,0,100.0,29313077,MC1_STRUCTURALLY_UNAVAILABLE_CANDIDATE
1,N_177,61484596,0,100.0,29313077,MC1_STRUCTURALLY_UNAVAILABLE_CANDIDATE
2,R_181,61484596,0,100.0,29313034,MC1_STRUCTURALLY_UNAVAILABLE_CANDIDATE
3,N_181,61484596,0,100.0,29313034,MC1_STRUCTURALLY_UNAVAILABLE_CANDIDATE
4,R_182,61484596,0,100.0,29313029,MC1_STRUCTURALLY_UNAVAILABLE_CANDIDATE
5,N_182,61484596,0,100.0,29313029,MC1_STRUCTURALLY_UNAVAILABLE_CANDIDATE
6,R_190,61484596,0,100.0,66218355,MC1_STRUCTURALLY_UNAVAILABLE_CANDIDATE
7,N_190,61484596,0,100.0,66218355,MC1_STRUCTURALLY_UNAVAILABLE_CANDIDATE
8,R_192,61484596,0,100.0,30736374,MC1_STRUCTURALLY_UNAVAILABLE_CANDIDATE
9,N_192,61484596,0,100.0,30736374,MC1_STRUCTURALLY_UNAVAILABLE_CANDIDATE
10,R_233,61484596,0,100.0,30736290,MC1_STRUCTURALLY_UNAVAILABLE_CANDIDATE
11,N_233,61484596,0,100.0,30736290,MC1_STRUCTURALLY_UNAVAILABLE_CANDIDATE
12,R_241,61484596,0,100.0,60049302,MC1_STRUCTURALLY_UNAVAILABLE_CANDIDATE
13,N_241,61484596,0,100.0,60049302,MC1_STRUCTURALLY_UNAVAILABLE_CANDIDATE
14,R_242,61484596,0,100.0,60049374,MC1_STRUCTURALLY_UNAVAILABLE_CANDIDATE
15,N_242,61484596,0,100.0,60049374,MC1_STRUCTURALLY_UNAVAILABLE_CANDIDATE
16,R_244,61484596,0,100.0,29313031,MC1_STRUCTURALLY_UNAVAILABLE_CANDIDATE
17,N_244,61484596,0,100.0,29313031,MC1_STRUCTURALLY_UNAVAILABLE_CANDIDATE
18,R_245,61484596,0,100.0,29313061,MC1_STRUCTURALLY_UNAVAILABLE_CANDIDATE
19,N_245,61484596,0,100.0,29313061,MC1_STRUCTURALLY_UNAVAILABLE_CANDIDATE
20,R_175,61484596,0,100.0,39187658,MC1_STRUCTURALLY_UNAVAILABLE_CANDIDATE
21,N_175,61484596,0,100.0,39187658,MC1_STRUCTURALLY_UNAVAILABLE_CANDIDATE
22,R_232,61484596,0,100.0,30736330,MC1_STRUCTURALLY_UNAVAILABLE_CANDIDATE
23,N_232,61484596,0,100.0,30736330,MC1_STRUCTURALLY_UNAVAILABLE_CANDIDATE
