,VARIABLE,NULL_ROWS,NULL_PERCENT
18,N_10,135843663,100.0
20,N_11,135843663,100.0
24,N_13,135843663,100.0
52,N_189,135843663,100.0
56,N_191,135843663,100.0
60,N_193,135843663,100.0
2,N_2,135843663,100.0
74,N_200,135843663,100.0
76,N_204,135843663,100.0
78,N_205,135843663,100.0
82,N_207,135843663,100.0
84,N_211,135843663,100.0
88,N_240,135843663,100.0
4,N_3,135843663,100.0
6,N_4,135843663,100.0
10,N_6,135843663,100.0
12,N_7,135843663,100.0
14,N_8,135843663,100.0
19,R_10,135843663,100.0
21,R_11,135843663,100.0
25,R_13,135843663,100.0
53,R_189,135843663,100.0
57,R_191,135843663,100.0
61,R_193,135843663,100.0
3,R_2,135843663,100.0
75,R_200,135843663,100.0
77,R_204,135843663,100.0
79,R_205,135843663,100.0
83,R_207,135843663,100.0
85,R_211,135843663,100.0
89,R_240,135843663,100.0
5,R_3,135843663,100.0
7,R_4,135843663,100.0
11,R_6,135843663,100.0
13,R_7,135843663,100.0
15,R_8,135843663,100.0
40,N_181,107970223,79.48123645635204
41,R_181,107970223,79.48123645635204
36,N_177,107970195,79.48121584442256
37,R_177,107970195,79.48121584442256
42,N_182,107970175,79.48120112161581
43,R_182,107970175,79.48120112161581
96,N_245,107970140,79.48117535670397
97,R_245,107970140,79.48117535670397
94,N_244,107970137,79.48117314828296
95,R_244,107970137,79.48117314828296
58,N_192,97409519,71.70707624396141
59,R_192,97409519,71.70707624396141
86,N_233,97409493,71.70705710431263
87,R_233,97409493,71.70705710431263
100,N_232,97409480,71.70704753448823
101,R_232,97409480,71.70704753448823
98,N_175,85312794,62.802189013410214
99,R_175,85312794,62.802189013410214
80,N_206,78909368,58.088368833222646
81,R_206,78909368,58.088368833222646
50,N_188,70040174,51.55939736401248
51,R_188,70040174,51.55939736401248
70,N_198,70040109,51.55934951489051
71,R_198,70040109,51.55934951489051
90,N_241,69535981,51.188240558560324
91,R_241,69535981,51.188240558560324
92,N_242,69535940,51.18821037680646
93,R_242,69535940,51.18821037680646
32,N_173,66814490,49.18484125387579
33,R_173,66814490,49.18484125387579
0,N_1,66811522,49.182656389352516
1,R_1,66811522,49.182656389352516
66,N_196,66811282,49.18247971567139
67,R_196,66811282,49.18247971567139
54,N_190,60666773,44.659258783385425
55,R_190,60666773,44.659258783385425
64,N_195,42166624,31.040552844927333
65,R_195,42166624,31.040552844927333
26,N_170,40475501,29.795648988057692
27,R_170,40475501,29.795648988057692
38,N_180,38937740,28.663641085708946
39,R_180,38937740,28.663641085708946
30,N_172,31606238,23.266626725164205
31,R_172,31606238,23.266626725164205
28,N_171,31606222,23.266614946918796
29,R_171,31606222,23.266614946918796
34,N_174,31606221,23.26661421077846
35,R_174,31606221,23.26661421077846
62,N_194,16170442,11.903714639968152
63,R_194,16170442,11.903714639968152
44,N_183,12601919,9.276780912481726
45,R_183,12601919,9.276780912481726
22,N_12,3732803,2.7478668622179305
23,R_12,3732803,2.7478668622179305
48,N_187,3732661,2.7477623302899303
49,R_187,3732661,2.7477623302899303
46,N_184,3732607,2.747722578711677
47,R_184,3732607,2.747722578711677
68,N_197,3732600,2.7477174257293107
69,R_197,3732600,2.7477174257293107
72,N_199,3732505,2.747647492397198
73,R_199,3732505,2.747647492397198
16,N_9,504031,0.3710375507174008
17,R_9,504031,0.3710375507174008
8,N_5,504009,0.37102135562996413
9,R_5,504009,0.37102135562996413
