VARIABLE,NULL_ROWS,NULL_PERCENT
N_10,137268621,100.0
N_11,137268621,100.0
N_13,137268621,100.0
N_189,137268621,100.0
N_191,137268621,100.0
N_193,137268621,100.0
N_2,137268621,100.0
N_200,137268621,100.0
N_204,137268621,100.0
N_205,137268621,100.0
N_207,137268621,100.0
N_240,137268621,100.0
N_3,137268621,100.0
N_4,137268621,100.0
N_6,137268621,100.0
N_7,137268621,100.0
N_8,137268621,100.0
R_10,137268621,100.0
R_11,137268621,100.0
R_13,137268621,100.0
R_189,137268621,100.0
R_191,137268621,100.0
R_193,137268621,100.0
R_2,137268621,100.0
R_200,137268621,100.0
R_204,137268621,100.0
R_205,137268621,100.0
R_207,137268621,100.0
R_240,137268621,100.0
R_3,137268621,100.0
R_4,137268621,100.0
R_6,137268621,100.0
R_7,137268621,100.0
R_8,137268621,100.0
N_211,137013769,99.81434067149257
R_211,137013769,99.81434067149257
N_182,107955592,78.64549903214953
R_182,107955592,78.64549903214953
N_244,107955590,78.6454975751523
R_244,107955590,78.6454975751523
N_181,107955587,78.64549538965646
R_181,107955587,78.64549538965646
N_245,107955560,78.64547572019391
R_245,107955560,78.64547572019391
N_177,107955544,78.6454640642161
R_177,107955544,78.6454640642161
N_233,106532331,77.60865536778431
R_233,106532331,77.60865536778431
N_232,106532291,77.60862622783979
R_232,106532291,77.60862622783979
N_192,106532247,77.60859417390083
R_192,106532247,77.60859417390083
N_175,98080963,71.45184550225794
R_175,98080963,71.45184550225794
N_241,77219319,56.25416678441025
R_241,77219319,56.25416678441025
N_242,77219247,56.25411433251012
R_242,77219247,56.25411433251012
N_190,71050266,51.76002023069788
R_190,71050266,51.76002023069788
N_206,68513603,49.91206475367739
R_206,68513603,49.91206475367739
N_198,62344757,45.4180689991779
R_198,62344757,45.4180689991779
N_188,62344666,45.41800270580412
R_188,62344666,45.41800270580412
N_196,60062392,43.755369262433256
R_196,60062392,43.755369262433256
N_1,60062320,43.755316810533124
R_1,60062320,43.755316810533124
N_173,60062318,43.7553153535359
R_173,60062318,43.7553153535359
N_170,37777262,27.52068296803244
R_170,37777262,27.52068296803244
N_195,33031736,24.063573859316325
R_195,33031736,24.063573859316325
N_174,31608311,23.026610721178585
R_174,31608311,23.026610721178585
N_172,31608289,23.026594694209102
R_172,31608289,23.026594694209102
N_171,31608267,23.026578667239615
R_171,31608267,23.026578667239615
N_180,30749289,22.400814385685422
R_180,30749289,22.400814385685422
N_194,15306233,11.150569509982912
R_194,15306233,11.150569509982912
N_183,8464319,6.166244651062678
R_183,8464319,6.166244651062678
N_184,2295341,1.6721527347462752
R_184,2295341,1.6721527347462752
N_187,2295331,1.6721454497601458
R_187,2295331,1.6721454497601458
N_197,2295313,1.6721323367851126
R_197,2295313,1.6721323367851126
N_199,2295292,1.6721170383142407
R_199,2295292,1.6721170383142407
N_12,2295222,1.6720660434113344
R_12,2295222,1.6720660434113344
N_5,12956,0.009438428029374609
R_5,12956,0.009438428029374609
N_9,12892,0.009391804118145835
R_9,12892,0.009391804118145835
