DATA_YEAR,YEAR_RANK,NULL_PATTERN_ID,NULL_PATTERN,ROW_COUNT,YEAR_PERCENT
2018,1,d237e8c2e2409dd8e304d0e30a9928d96ed499ac595f6e4c132ff2232474423e,"[""R_2"",""N_2"",""R_3"",""N_3"",""R_4"",""N_4"",""R_6"",""N_6"",""R_7"",""N_7"",""R_8"",""N_8"",""R_10"",""N_10"",""R_11"",""N_11"",""R_13"",""N_13"",""R_177"",""N_177"",""R_181"",""N_181"",""R_182"",""N_182"",""R_189"",""N_189"",""R_190"",""N_190"",""R_191"",""N_191"",""R_192"",""N_192"",""R_193"",""N_193"",""R_200"",""N_200"",""R_204"",""N_204"",""R_205"",""N_205"",""R_207"",""N_207"",""R_211"",""N_211"",""R_233"",""N_233"",""R_240"",""N_240"",""R_241"",""N_241"",""R_242"",""N_242"",""R_244"",""N_244"",""R_245"",""N_245"",""R_175"",""N_175"",""R_232"",""N_232""]",53660875,99.760818
2018,2,4a248564ffbcfe4181555c50e61e2f3a9a7519f09df31b5a39fd920b54ba5f6a,"[""R_1"",""N_1"",""R_2"",""N_2"",""R_3"",""N_3"",""R_4"",""N_4"",""R_5"",""N_5"",""R_6"",""N_6"",""R_7"",""N_7"",""R_8"",""N_8"",""R_9"",""N_9"",""R_10"",""N_10"",""R_11"",""N_11"",""R_12"",""N_12"",""R_13"",""N_13"",""R_170"",""N_170"",""R_171"",""N_171"",""R_172"",""N_172"",""R_173"",""N_173"",""R_174"",""N_174"",""R_177"",""N_177"",""R_180"",""N_180"",""R_181"",""N_181"",""R_182"",""N_182"",""R_183"",""N_183"",""R_184"",""N_184"",""R_187"",""N_187"",""R_188"",""N_188"",""R_189"",""N_189"",""R_190"",""N_190"",""R_191"",""N_191"",""R_192"",""N_192"",""R_193"",""N_193"",""R_194"",""N_194"",""R_195"",""N_195"",""R_196"",""N_196"",""R_197"",""N_197"",""R_198"",""N_198"",""R_199"",""N_199"",""R_200"",""N_200"",""R_204"",""N_204"",""R_205"",""N_205"",""R_206"",""N_206"",""R_207"",""N_207"",""R_211"",""N_211"",""R_233"",""N_233"",""R_240"",""N_240"",""R_241"",""N_241"",""R_242"",""N_242"",""R_244"",""N_244"",""R_245"",""N_245"",""R_175"",""N_175"",""R_232"",""N_232""]",114847,0.213512
2018,3,dd5009da2c611999c6f53085ecd74e7fe90d0570289845005dac7a914462f3ab,"[""R_2"",""N_2"",""R_3"",""N_3"",""R_4"",""N_4"",""R_6"",""N_6"",""R_7"",""N_7"",""R_8"",""N_8"",""R_10"",""N_10"",""R_11"",""N_11"",""R_13"",""N_13"",""R_177"",""N_177"",""R_180"",""N_180"",""R_181"",""N_181"",""R_182"",""N_182"",""R_189"",""N_189"",""R_190"",""N_190"",""R_191"",""N_191"",""R_192"",""N_192"",""R_193"",""N_193"",""R_200"",""N_200"",""R_204"",""N_204"",""R_205"",""N_205"",""R_207"",""N_207"",""R_211"",""N_211"",""R_233"",""N_233"",""R_240"",""N_240"",""R_241"",""N_241"",""R_242"",""N_242"",""R_244"",""N_244"",""R_245"",""N_245"",""R_175"",""N_175"",""R_232"",""N_232""]",859,0.001597
2018,4,29b60bbc5d246d6d0e6978fbe8cc2d0ef442cfe18121bfe54d205126e144e81a,"[""R_1"",""N_1"",""R_2"",""N_2"",""R_3"",""N_3"",""R_4"",""N_4"",""R_5"",""N_5"",""R_6"",""N_6"",""R_7"",""N_7"",""R_8"",""N_8"",""R_9"",""N_9"",""R_10"",""N_10"",""R_11"",""N_11"",""R_12"",""N_12"",""R_13"",""N_13"",""R_170"",""N_170"",""R_171"",""N_171"",""R_172"",""N_172"",""R_173"",""N_173"",""R_174"",""N_174"",""R_177"",""N_177"",""R_181"",""N_181"",""R_182"",""N_182"",""R_183"",""N_183"",""R_184"",""N_184"",""R_187"",""N_187"",""R_188"",""N_188"",""R_189"",""N_189"",""R_190"",""N_190"",""R_191"",""N_191"",""R_192"",""N_192"",""R_193"",""N_193"",""R_194"",""N_194"",""R_195"",""N_195"",""R_196"",""N_196"",""R_197"",""N_197"",""R_198"",""N_198"",""R_199"",""N_199"",""R_200"",""N_200"",""R_204"",""N_204"",""R_205"",""N_205"",""R_206"",""N_206"",""R_207"",""N_207"",""R_211"",""N_211"",""R_233"",""N_233"",""R_240"",""N_240"",""R_241"",""N_241"",""R_242"",""N_242"",""R_244"",""N_244"",""R_245"",""N_245"",""R_175"",""N_175"",""R_232"",""N_232""]",840,0.001562
2018,5,ecc454b3675bc29ba37c21157fceecfbd26fdf7440f48abc61a6330e6f35c920,"[""R_2"",""N_2"",""R_3"",""N_3"",""R_4"",""N_4"",""R_6"",""N_6"",""R_7"",""N_7"",""R_8"",""N_8"",""R_10"",""N_10"",""R_11"",""N_11"",""R_13"",""N_13"",""R_177"",""N_177"",""R_180"",""N_180"",""R_181"",""N_181"",""R_182"",""N_182"",""R_189"",""N_189"",""R_190"",""N_190"",""R_191"",""N_191"",""R_192"",""N_192"",""R_193"",""N_193"",""R_200"",""N_200"",""R_204"",""N_204"",""R_205"",""N_205"",""R_206"",""N_206"",""R_207"",""N_207"",""R_211"",""N_211"",""R_233"",""N_233"",""R_240"",""N_240"",""R_241"",""N_241"",""R_242"",""N_242"",""R_244"",""N_244"",""R_245"",""N_245"",""R_175"",""N_175"",""R_232"",""N_232""]",409,0.000760
2018,6,735830d996234e8f2facfd479e9f7e19e028a0940c961ae27040de111a7f16b1,"[""R_1"",""N_1"",""R_2"",""N_2"",""R_3"",""N_3"",""R_4"",""N_4"",""R_5"",""N_5"",""R_6"",""N_6"",""R_7"",""N_7"",""R_8"",""N_8"",""R_9"",""N_9"",""R_10"",""N_10"",""R_11"",""N_11"",""R_12"",""N_12"",""R_13"",""N_13"",""R_170"",""N_170"",""R_171"",""N_171"",""R_172"",""N_172"",""R_173"",""N_173"",""R_174"",""N_174"",""R_177"",""N_177"",""R_181"",""N_181"",""R_182"",""N_182"",""R_183"",""N_183"",""R_184"",""N_184"",""R_187"",""N_187"",""R_188"",""N_188"",""R_189"",""N_189"",""R_190"",""N_190"",""R_191"",""N_191"",""R_192"",""N_192"",""R_193"",""N_193"",""R_194"",""N_194"",""R_195"",""N_195"",""R_196"",""N_196"",""R_197"",""N_197"",""R_198"",""N_198"",""R_199"",""N_199"",""R_200"",""N_200"",""R_204"",""N_204"",""R_205"",""N_205"",""R_207"",""N_207"",""R_211"",""N_211"",""R_233"",""N_233"",""R_240"",""N_240"",""R_241"",""N_241"",""R_242"",""N_242"",""R_244"",""N_244"",""R_245"",""N_245"",""R_175"",""N_175"",""R_232"",""N_232""]",387,0.000719
2018,7,cd262c3cd07d28cd1793e81c3b04ca7a774a6d7df20569e5620aa7e7d6a49933,"[""R_1"",""N_1"",""R_2"",""N_2"",""R_3"",""N_3"",""R_4"",""N_4"",""R_5"",""N_5"",""R_6"",""N_6"",""R_7"",""N_7"",""R_8"",""N_8"",""R_9"",""N_9"",""R_10"",""N_10"",""R_11"",""N_11"",""R_13"",""N_13"",""R_177"",""N_177"",""R_181"",""N_181"",""R_182"",""N_182"",""R_189"",""N_189"",""R_190"",""N_190"",""R_191"",""N_191"",""R_192"",""N_192"",""R_193"",""N_193"",""R_200"",""N_200"",""R_204"",""N_204"",""R_205"",""N_205"",""R_207"",""N_207"",""R_211"",""N_211"",""R_233"",""N_233"",""R_240"",""N_240"",""R_241"",""N_241"",""R_242"",""N_242"",""R_244"",""N_244"",""R_245"",""N_245"",""R_175"",""N_175"",""R_232"",""N_232""]",266,0.000495
2018,8,59306f66651b6060a0f5d0a2f32c98c3a58b2c4ae1da3adad288f433f2988434,"[""R_1"",""N_1"",""R_2"",""N_2"",""R_3"",""N_3"",""R_4"",""N_4"",""R_6"",""N_6"",""R_7"",""N_7"",""R_8"",""N_8"",""R_10"",""N_10"",""R_11"",""N_11"",""R_13"",""N_13"",""R_177"",""N_177"",""R_181"",""N_181"",""R_182"",""N_182"",""R_189"",""N_189"",""R_190"",""N_190"",""R_191"",""N_191"",""R_192"",""N_192"",""R_193"",""N_193"",""R_200"",""N_200"",""R_204"",""N_204"",""R_205"",""N_205"",""R_207"",""N_207"",""R_211"",""N_211"",""R_233"",""N_233"",""R_240"",""N_240"",""R_241"",""N_241"",""R_242"",""N_242"",""R_244"",""N_244"",""R_245"",""N_245"",""R_175"",""N_175"",""R_232"",""N_232""]",258,0.000480
2018,9,4581fe47f0f90ab6fcbeb69a431dbc3f291674ca8972eb40c5bcf0486465b9ca,"[""R_1"",""N_1"",""R_2"",""N_2"",""R_3"",""N_3"",""R_4"",""N_4"",""R_5"",""N_5"",""R_6"",""N_6"",""R_7"",""N_7"",""R_8"",""N_8"",""R_10"",""N_10"",""R_11"",""N_11"",""R_13"",""N_13"",""R_177"",""N_177"",""R_181"",""N_181"",""R_182"",""N_182"",""R_189"",""N_189"",""R_190"",""N_190"",""R_191"",""N_191"",""R_192"",""N_192"",""R_193"",""N_193"",""R_200"",""N_200"",""R_204"",""N_204"",""R_205"",""N_205"",""R_207"",""N_207"",""R_211"",""N_211"",""R_233"",""N_233"",""R_240"",""N_240"",""R_241"",""N_241"",""R_242"",""N_242"",""R_244"",""N_244"",""R_245"",""N_245"",""R_175"",""N_175"",""R_232"",""N_232""]",247,0.000459
2018,10,ad452e3a19f004e7d97953618f1df340258377e7a383418c7dd0fa8ddb8c4ffd,"[""R_1"",""N_1"",""R_2"",""N_2"",""R_3"",""N_3"",""R_4"",""N_4"",""R_5"",""N_5"",""R_6"",""N_6"",""R_7"",""N_7"",""R_8"",""N_8"",""R_9"",""N_9"",""R_10"",""N_10"",""R_11"",""N_11"",""R_12"",""N_12"",""R_13"",""N_13"",""R_177"",""N_177"",""R_181"",""N_181"",""R_182"",""N_182"",""R_189"",""N_189"",""R_190"",""N_190"",""R_191"",""N_191"",""R_192"",""N_192"",""R_193"",""N_193"",""R_200"",""N_200"",""R_204"",""N_204"",""R_205"",""N_205"",""R_207"",""N_207"",""R_211"",""N_211"",""R_233"",""N_233"",""R_240"",""N_240"",""R_241"",""N_241"",""R_242"",""N_242"",""R_244"",""N_244"",""R_245"",""N_245"",""R_175"",""N_175"",""R_232"",""N_232""]",230,0.000428
2019,1,d237e8c2e2409dd8e304d0e30a9928d96ed499ac595f6e4c132ff2232474423e,"[""R_2"",""N_2"",""R_3"",""N_3"",""R_4"",""N_4"",""R_6"",""N_6"",""R_7"",""N_7"",""R_8"",""N_8"",""R_10"",""N_10"",""R_11"",""N_11"",""R_13"",""N_13"",""R_177"",""N_177"",""R_181"",""N_181"",""R_182"",""N_182"",""R_189"",""N_189"",""R_190"",""N_190"",""R_191"",""N_191"",""R_192"",""N_192"",""R_193"",""N_193"",""R_200"",""N_200"",""R_204"",""N_204"",""R_205"",""N_205"",""R_207"",""N_207"",""R_211"",""N_211"",""R_233"",""N_233"",""R_240"",""N_240"",""R_241"",""N_241"",""R_242"",""N_242"",""R_244"",""N_244"",""R_245"",""N_245"",""R_175"",""N_175"",""R_232"",""N_232""]",61469043,99.974704
2019,2,6c8a405fa0bc962ae57b8df5e6ebba4349813efb5bd3d5d84df37deb8cc2c14c,"[""R_2"",""N_2"",""R_3"",""N_3"",""R_4"",""N_4"",""R_6"",""N_6"",""R_7"",""N_7"",""R_8"",""N_8"",""R_10"",""N_10"",""R_11"",""N_11"",""R_13"",""N_13"",""R_177"",""N_177"",""R_181"",""N_181"",""R_182"",""N_182"",""R_189"",""N_189"",""R_190"",""N_190"",""R_191"",""N_191"",""R_192"",""N_192"",""R_193"",""N_193"",""R_200"",""N_200"",""R_204"",""N_204"",""R_205"",""N_205"",""R_207"",""N_207"",""R_233"",""N_233"",""R_240"",""N_240"",""R_241"",""N_241"",""R_242"",""N_242"",""R_244"",""N_244"",""R_245"",""N_245"",""R_175"",""N_175"",""R_232"",""N_232""]",2738,0.004453
2019,3,dd5009da2c611999c6f53085ecd74e7fe90d0570289845005dac7a914462f3ab,"[""R_2"",""N_2"",""R_3"",""N_3"",""R_4"",""N_4"",""R_6"",""N_6"",""R_7"",""N_7"",""R_8"",""N_8"",""R_10"",""N_10"",""R_11"",""N_11"",""R_13"",""N_13"",""R_177"",""N_177"",""R_180"",""N_180"",""R_181"",""N_181"",""R_182"",""N_182"",""R_189"",""N_189"",""R_190"",""N_190"",""R_191"",""N_191"",""R_192"",""N_192"",""R_193"",""N_193"",""R_200"",""N_200"",""R_204"",""N_204"",""R_205"",""N_205"",""R_207"",""N_207"",""R_211"",""N_211"",""R_233"",""N_233"",""R_240"",""N_240"",""R_241"",""N_241"",""R_242"",""N_242"",""R_244"",""N_244"",""R_245"",""N_245"",""R_175"",""N_175"",""R_232"",""N_232""]",909,0.001478
2019,4,29b60bbc5d246d6d0e6978fbe8cc2d0ef442cfe18121bfe54d205126e144e81a,"[""R_1"",""N_1"",""R_2"",""N_2"",""R_3"",""N_3"",""R_4"",""N_4"",""R_5"",""N_5"",""R_6"",""N_6"",""R_7"",""N_7"",""R_8"",""N_8"",""R_9"",""N_9"",""R_10"",""N_10"",""R_11"",""N_11"",""R_12"",""N_12"",""R_13"",""N_13"",""R_170"",""N_170"",""R_171"",""N_171"",""R_172"",""N_172"",""R_173"",""N_173"",""R_174"",""N_174"",""R_177"",""N_177"",""R_181"",""N_181"",""R_182"",""N_182"",""R_183"",""N_183"",""R_184"",""N_184"",""R_187"",""N_187"",""R_188"",""N_188"",""R_189"",""N_189"",""R_190"",""N_190"",""R_191"",""N_191"",""R_192"",""N_192"",""R_193"",""N_193"",""R_194"",""N_194"",""R_195"",""N_195"",""R_196"",""N_196"",""R_197"",""N_197"",""R_198"",""N_198"",""R_199"",""N_199"",""R_200"",""N_200"",""R_204"",""N_204"",""R_205"",""N_205"",""R_206"",""N_206"",""R_207"",""N_207"",""R_211"",""N_211"",""R_233"",""N_233"",""R_240"",""N_240"",""R_241"",""N_241"",""R_242"",""N_242"",""R_244"",""N_244"",""R_245"",""N_245"",""R_175"",""N_175"",""R_232"",""N_232""]",729,0.001186
2019,5,ecc454b3675bc29ba37c21157fceecfbd26fdf7440f48abc61a6330e6f35c920,"[""R_2"",""N_2"",""R_3"",""N_3"",""R_4"",""N_4"",""R_6"",""N_6"",""R_7"",""N_7"",""R_8"",""N_8"",""R_10"",""N_10"",""R_11"",""N_11"",""R_13"",""N_13"",""R_177"",""N_177"",""R_180"",""N_180"",""R_181"",""N_181"",""R_182"",""N_182"",""R_189"",""N_189"",""R_190"",""N_190"",""R_191"",""N_191"",""R_192"",""N_192"",""R_193"",""N_193"",""R_200"",""N_200"",""R_204"",""N_204"",""R_205"",""N_205"",""R_206"",""N_206"",""R_207"",""N_207"",""R_211"",""N_211"",""R_233"",""N_233"",""R_240"",""N_240"",""R_241"",""N_241"",""R_242"",""N_242"",""R_244"",""N_244"",""R_245"",""N_245"",""R_175"",""N_175"",""R_232"",""N_232""]",404,0.000657
2019,6,735830d996234e8f2facfd479e9f7e19e028a0940c961ae27040de111a7f16b1,"[""R_1"",""N_1"",""R_2"",""N_2"",""R_3"",""N_3"",""R_4"",""N_4"",""R_5"",""N_5"",""R_6"",""N_6"",""R_7"",""N_7"",""R_8"",""N_8"",""R_9"",""N_9"",""R_10"",""N_10"",""R_11"",""N_11"",""R_12"",""N_12"",""R_13"",""N_13"",""R_170"",""N_170"",""R_171"",""N_171"",""R_172"",""N_172"",""R_173"",""N_173"",""R_174"",""N_174"",""R_177"",""N_177"",""R_181"",""N_181"",""R_182"",""N_182"",""R_183"",""N_183"",""R_184"",""N_184"",""R_187"",""N_187"",""R_188"",""N_188"",""R_189"",""N_189"",""R_190"",""N_190"",""R_191"",""N_191"",""R_192"",""N_192"",""R_193"",""N_193"",""R_194"",""N_194"",""R_195"",""N_195"",""R_196"",""N_196"",""R_197"",""N_197"",""R_198"",""N_198"",""R_199"",""N_199"",""R_200"",""N_200"",""R_204"",""N_204"",""R_205"",""N_205"",""R_207"",""N_207"",""R_211"",""N_211"",""R_233"",""N_233"",""R_240"",""N_240"",""R_241"",""N_241"",""R_242"",""N_242"",""R_244"",""N_244"",""R_245"",""N_245"",""R_175"",""N_175"",""R_232"",""N_232""]",377,0.000613
2019,7,4a248564ffbcfe4181555c50e61e2f3a9a7519f09df31b5a39fd920b54ba5f6a,"[""R_1"",""N_1"",""R_2"",""N_2"",""R_3"",""N_3"",""R_4"",""N_4"",""R_5"",""N_5"",""R_6"",""N_6"",""R_7"",""N_7"",""R_8"",""N_8"",""R_9"",""N_9"",""R_10"",""N_10"",""R_11"",""N_11"",""R_12"",""N_12"",""R_13"",""N_13"",""R_170"",""N_170"",""R_171"",""N_171"",""R_172"",""N_172"",""R_173"",""N_173"",""R_174"",""N_174"",""R_177"",""N_177"",""R_180"",""N_180"",""R_181"",""N_181"",""R_182"",""N_182"",""R_183"",""N_183"",""R_184"",""N_184"",""R_187"",""N_187"",""R_188"",""N_188"",""R_189"",""N_189"",""R_190"",""N_190"",""R_191"",""N_191"",""R_192"",""N_192"",""R_193"",""N_193"",""R_194"",""N_194"",""R_195"",""N_195"",""R_196"",""N_196"",""R_197"",""N_197"",""R_198"",""N_198"",""R_199"",""N_199"",""R_200"",""N_200"",""R_204"",""N_204"",""R_205"",""N_205"",""R_206"",""N_206"",""R_207"",""N_207"",""R_211"",""N_211"",""R_233"",""N_233"",""R_240"",""N_240"",""R_241"",""N_241"",""R_242"",""N_242"",""R_244"",""N_244"",""R_245"",""N_245"",""R_175"",""N_175"",""R_232"",""N_232""]",259,0.000421
2019,8,59306f66651b6060a0f5d0a2f32c98c3a58b2c4ae1da3adad288f433f2988434,"[""R_1"",""N_1"",""R_2"",""N_2"",""R_3"",""N_3"",""R_4"",""N_4"",""R_6"",""N_6"",""R_7"",""N_7"",""R_8"",""N_8"",""R_10"",""N_10"",""R_11"",""N_11"",""R_13"",""N_13"",""R_177"",""N_177"",""R_181"",""N_181"",""R_182"",""N_182"",""R_189"",""N_189"",""R_190"",""N_190"",""R_191"",""N_191"",""R_192"",""N_192"",""R_193"",""N_193"",""R_200"",""N_200"",""R_204"",""N_204"",""R_205"",""N_205"",""R_207"",""N_207"",""R_211"",""N_211"",""R_233"",""N_233"",""R_240"",""N_240"",""R_241"",""N_241"",""R_242"",""N_242"",""R_244"",""N_244"",""R_245"",""N_245"",""R_175"",""N_175"",""R_232"",""N_232""]",243,0.000395
2019,9,4c1a5d10a44c0764fd5ad08224bcd183f272127951e90fbf97823a3d61aaad9f,"[""R_2"",""N_2"",""R_3"",""N_3"",""R_4"",""N_4"",""R_5"",""N_5"",""R_6"",""N_6"",""R_7"",""N_7"",""R_8"",""N_8"",""R_9"",""N_9"",""R_10"",""N_10"",""R_11"",""N_11"",""R_12"",""N_12"",""R_13"",""N_13"",""R_170"",""N_170"",""R_171"",""N_171"",""R_172"",""N_172"",""R_173"",""N_173"",""R_174"",""N_174"",""R_177"",""N_177"",""R_180"",""N_180"",""R_181"",""N_181"",""R_182"",""N_182"",""R_183"",""N_183"",""R_184"",""N_184"",""R_187"",""N_187"",""R_188"",""N_188"",""R_189"",""N_189"",""R_190"",""N_190"",""R_191"",""N_191"",""R_192"",""N_192"",""R_193"",""N_193"",""R_194"",""N_194"",""R_195"",""N_195"",""R_196"",""N_196"",""R_197"",""N_197"",""R_198"",""N_198"",""R_199"",""N_199"",""R_200"",""N_200"",""R_204"",""N_204"",""R_205"",""N_205"",""R_206"",""N_206"",""R_207"",""N_207"",""R_211"",""N_211"",""R_233"",""N_233"",""R_240"",""N_240"",""R_241"",""N_241"",""R_242"",""N_242"",""R_244"",""N_244"",""R_245"",""N_245"",""R_175"",""N_175"",""R_232"",""N_232""]",236,0.000384
2019,10,4581fe47f0f90ab6fcbeb69a431dbc3f291674ca8972eb40c5bcf0486465b9ca,"[""R_1"",""N_1"",""R_2"",""N_2"",""R_3"",""N_3"",""R_4"",""N_4"",""R_5"",""N_5"",""R_6"",""N_6"",""R_7"",""N_7"",""R_8"",""N_8"",""R_10"",""N_10"",""R_11"",""N_11"",""R_13"",""N_13"",""R_177"",""N_177"",""R_181"",""N_181"",""R_182"",""N_182"",""R_189"",""N_189"",""R_190"",""N_190"",""R_191"",""N_191"",""R_192"",""N_192"",""R_193"",""N_193"",""R_200"",""N_200"",""R_204"",""N_204"",""R_205"",""N_205"",""R_207"",""N_207"",""R_211"",""N_211"",""R_233"",""N_233"",""R_240"",""N_240"",""R_241"",""N_241"",""R_242"",""N_242"",""R_244"",""N_244"",""R_245"",""N_245"",""R_175"",""N_175"",""R_232"",""N_232""]",231,0.000376
