ATTRIBUTE_ID,R_COLUMN,R_NULL_COUNT,R_NON_NULL_COUNT,R_NULL_PERCENT,N_COLUMN,N_NULL_COUNT,N_NON_NULL_COUNT,N_NULL_PERCENT,SAME_MISSINGNESS_COUNT,SAME_MISSINGNESS_PERCENT,MISSINGNESS_ALWAYS_MATCHES
2,R_2,61484596,0,100.0,N_2,61484596,0,100.0,61484596,100.0,True
3,R_3,61484596,0,100.0,N_3,61484596,0,100.0,61484596,100.0,True
4,R_4,61484596,0,100.0,N_4,61484596,0,100.0,61484596,100.0,True
6,R_6,61484596,0,100.0,N_6,61484596,0,100.0,61484596,100.0,True
7,R_7,61484596,0,100.0,N_7,61484596,0,100.0,61484596,100.0,True
8,R_8,61484596,0,100.0,N_8,61484596,0,100.0,61484596,100.0,True
10,R_10,61484596,0,100.0,N_10,61484596,0,100.0,61484596,100.0,True
11,R_11,61484596,0,100.0,N_11,61484596,0,100.0,61484596,100.0,True
13,R_13,61484596,0,100.0,N_13,61484596,0,100.0,61484596,100.0,True
175,R_175,61484596,0,100.0,N_175,61484596,0,100.0,61484596,100.0,True
177,R_177,61484596,0,100.0,N_177,61484596,0,100.0,61484596,100.0,True
181,R_181,61484596,0,100.0,N_181,61484596,0,100.0,61484596,100.0,True
182,R_182,61484596,0,100.0,N_182,61484596,0,100.0,61484596,100.0,True
189,R_189,61484596,0,100.0,N_189,61484596,0,100.0,61484596,100.0,True
190,R_190,61484596,0,100.0,N_190,61484596,0,100.0,61484596,100.0,True
191,R_191,61484596,0,100.0,N_191,61484596,0,100.0,61484596,100.0,True
192,R_192,61484596,0,100.0,N_192,61484596,0,100.0,61484596,100.0,True
193,R_193,61484596,0,100.0,N_193,61484596,0,100.0,61484596,100.0,True
200,R_200,61484596,0,100.0,N_200,61484596,0,100.0,61484596,100.0,True
204,R_204,61484596,0,100.0,N_204,61484596,0,100.0,61484596,100.0,True
205,R_205,61484596,0,100.0,N_205,61484596,0,100.0,61484596,100.0,True
207,R_207,61484596,0,100.0,N_207,61484596,0,100.0,61484596,100.0,True
232,R_232,61484596,0,100.0,N_232,61484596,0,100.0,61484596,100.0,True
233,R_233,61484596,0,100.0,N_233,61484596,0,100.0,61484596,100.0,True
240,R_240,61484596,0,100.0,N_240,61484596,0,100.0,61484596,100.0,True
241,R_241,61484596,0,100.0,N_241,61484596,0,100.0,61484596,100.0,True
242,R_242,61484596,0,100.0,N_242,61484596,0,100.0,61484596,100.0,True
244,R_244,61484596,0,100.0,N_244,61484596,0,100.0,61484596,100.0,True
245,R_245,61484596,0,100.0,N_245,61484596,0,100.0,61484596,100.0,True
211,R_211,61481858,2738,99.99554685209284,N_211,61481858,2738,99.99554685209284,61484596,100.0,True
195,R_195,6331,61478265,0.010296888020537697,N_195,6331,61478265,0.010296888020537697,61484596,100.0,True
198,R_198,6330,61478266,0.010295261596904694,N_198,6330,61478266,0.010295261596904694,61484596,100.0,True
196,R_196,6317,61478279,0.010274118089675665,N_196,6317,61478279,0.010274118089675665,61484596,100.0,True
184,R_184,6315,61478281,0.01027086524240966,N_184,6315,61478281,0.01027086524240966,61484596,100.0,True
187,R_187,6303,61478293,0.010251348158813633,N_187,6303,61478293,0.010251348158813633,61484596,100.0,True
194,R_194,6299,61478297,0.010244842464281622,N_194,6299,61478297,0.010244842464281622,61484596,100.0,True
197,R_197,6298,61478298,0.010243216040648621,N_197,6298,61478298,0.010243216040648621,61484596,100.0,True
172,R_172,6295,61478301,0.010238336769749614,N_172,6295,61478301,0.010238336769749614,61484596,100.0,True
5,R_5,6293,61478303,0.01023508392248361,N_5,6293,61478303,0.01023508392248361,61484596,100.0,True
170,R_170,6289,61478307,0.010228578227951599,N_170,6289,61478307,0.010228578227951599,61484596,100.0,True
188,R_188,6289,61478307,0.010228578227951599,N_188,6289,61478307,0.010228578227951599,61484596,100.0,True
180,R_180,6285,61478311,0.01022207253341959,N_180,6285,61478311,0.01022207253341959,61484596,100.0,True
171,R_171,6283,61478313,0.010218819686153586,N_171,6283,61478313,0.010218819686153586,61484596,100.0,True
9,R_9,6280,61478316,0.010213940415254578,N_9,6280,61478316,0.010213940415254578,61484596,100.0,True
173,R_173,6279,61478317,0.010212313991621575,N_173,6279,61478317,0.010212313991621575,61484596,100.0,True
174,R_174,6277,61478319,0.010209061144355571,N_174,6277,61478319,0.010209061144355571,61484596,100.0,True
1,R_1,6276,61478320,0.01020743472072257,N_1,6276,61478320,0.01020743472072257,61484596,100.0,True
12,R_12,6270,61478326,0.010197676178924555,N_12,6270,61478326,0.010197676178924555,61484596,100.0,True
183,R_183,6268,61478328,0.01019442333165855,N_183,6268,61478328,0.01019442333165855,61484596,100.0,True
199,R_199,6249,61478347,0.010163521282631507,N_199,6249,61478347,0.010163521282631507,61484596,100.0,True
206,R_206,6237,61478359,0.010144004199035479,N_206,6237,61478359,0.010144004199035479,61484596,100.0,True
