MODEL_CODE,NULL_PATTERN_ID,NULL_PATTERN,ROW_COUNT,MODEL_ROWS,PATTERN_ROWS,PATTERN_RANK,MODEL_PERCENT,MODEL_SHARE_OF_PATTERN,CUMULATIVE_MODEL_PERCENT
MA1,7c735a6119a6325f61d5cf0905da4c38cb2649cb74d5e8b7acf560ed8410a895,"[""R_2"",""N_2"",""R_3"",""N_3"",""R_4"",""N_4"",""R_6"",""N_6"",""R_7"",""N_7"",""R_8"",""N_8"",""R_10"",""N_10"",""R_11"",""N_11"",""R_13"",""N_13"",""R_170"",""N_170"",""R_177"",""N_177"",""R_181"",""N_181"",""R_182"",""N_182"",""R_183"",""N_183"",""R_189"",""N_189"",""R_191"",""N_191"",""R_192"",""N_192"",""R_193"",""N_193"",""R_200"",""N_200"",""R_204"",""N_204"",""R_205"",""N_205"",""R_206"",""N_206"",""R_207"",""N_207"",""R_211"",""N_211"",""R_233"",""N_233"",""R_240"",""N_240"",""R_241"",""N_241"",""R_242"",""N_242"",""R_244"",""N_244"",""R_245"",""N_245"",""R_232"",""N_232""]",6168476,8451862,6168476,1,72.983634,100.000000,72.983634
MA1,5e0e534cf679fb97b1996660eba5e50baadeee793755af2b813de8f1f7a51c07,"[""R_2"",""N_2"",""R_3"",""N_3"",""R_4"",""N_4"",""R_6"",""N_6"",""R_7"",""N_7"",""R_8"",""N_8"",""R_10"",""N_10"",""R_11"",""N_11"",""R_12"",""N_12"",""R_13"",""N_13"",""R_170"",""N_170"",""R_171"",""N_171"",""R_172"",""N_172"",""R_174"",""N_174"",""R_177"",""N_177"",""R_181"",""N_181"",""R_182"",""N_182"",""R_183"",""N_183"",""R_184"",""N_184"",""R_187"",""N_187"",""R_188"",""N_188"",""R_189"",""N_189"",""R_190"",""N_190"",""R_191"",""N_191"",""R_192"",""N_192"",""R_193"",""N_193"",""R_195"",""N_195"",""R_197"",""N_197"",""R_198"",""N_198"",""R_199"",""N_199"",""R_200"",""N_200"",""R_204"",""N_204"",""R_205"",""N_205"",""R_206"",""N_206"",""R_207"",""N_207"",""R_211"",""N_211"",""R_233"",""N_233"",""R_240"",""N_240"",""R_241"",""N_241"",""R_242"",""N_242"",""R_244"",""N_244"",""R_245"",""N_245"",""R_232"",""N_232""]",2282277,8451862,2282277,2,27.003245,100.000000,99.986879
MA1,4a248564ffbcfe4181555c50e61e2f3a9a7519f09df31b5a39fd920b54ba5f6a,"[""R_1"",""N_1"",""R_2"",""N_2"",""R_3"",""N_3"",""R_4"",""N_4"",""R_5"",""N_5"",""R_6"",""N_6"",""R_7"",""N_7"",""R_8"",""N_8"",""R_9"",""N_9"",""R_10"",""N_10"",""R_11"",""N_11"",""R_12"",""N_12"",""R_13"",""N_13"",""R_170"",""N_170"",""R_171"",""N_171"",""R_172"",""N_172"",""R_173"",""N_173"",""R_174"",""N_174"",""R_177"",""N_177"",""R_180"",""N_180"",""R_181"",""N_181"",""R_182"",""N_182"",""R_183"",""N_183"",""R_184"",""N_184"",""R_187"",""N_187"",""R_188"",""N_188"",""R_189"",""N_189"",""R_190"",""N_190"",""R_191"",""N_191"",""R_192"",""N_192"",""R_193"",""N_193"",""R_194"",""N_194"",""R_195"",""N_195"",""R_196"",""N_196"",""R_197"",""N_197"",""R_198"",""N_198"",""R_199"",""N_199"",""R_200"",""N_200"",""R_204"",""N_204"",""R_205"",""N_205"",""R_206"",""N_206"",""R_207"",""N_207"",""R_211"",""N_211"",""R_233"",""N_233"",""R_240"",""N_240"",""R_241"",""N_241"",""R_242"",""N_242"",""R_244"",""N_244"",""R_245"",""N_245"",""R_175"",""N_175"",""R_232"",""N_232""]",52,8451862,635,3,0.000615,8.188976,99.987494
MA1,4c1a5d10a44c0764fd5ad08224bcd183f272127951e90fbf97823a3d61aaad9f,"[""R_2"",""N_2"",""R_3"",""N_3"",""R_4"",""N_4"",""R_5"",""N_5"",""R_6"",""N_6"",""R_7"",""N_7"",""R_8"",""N_8"",""R_9"",""N_9"",""R_10"",""N_10"",""R_11"",""N_11"",""R_12"",""N_12"",""R_13"",""N_13"",""R_170"",""N_170"",""R_171"",""N_171"",""R_172"",""N_172"",""R_173"",""N_173"",""R_174"",""N_174"",""R_177"",""N_177"",""R_180"",""N_180"",""R_181"",""N_181"",""R_182"",""N_182"",""R_183"",""N_183"",""R_184"",""N_184"",""R_187"",""N_187"",""R_188"",""N_188"",""R_189"",""N_189"",""R_190"",""N_190"",""R_191"",""N_191"",""R_192"",""N_192"",""R_193"",""N_193"",""R_194"",""N_194"",""R_195"",""N_195"",""R_196"",""N_196"",""R_197"",""N_197"",""R_198"",""N_198"",""R_199"",""N_199"",""R_200"",""N_200"",""R_204"",""N_204"",""R_205"",""N_205"",""R_206"",""N_206"",""R_207"",""N_207"",""R_211"",""N_211"",""R_233"",""N_233"",""R_240"",""N_240"",""R_241"",""N_241"",""R_242"",""N_242"",""R_244"",""N_244"",""R_245"",""N_245"",""R_175"",""N_175"",""R_232"",""N_232""]",32,8451862,335,4,0.000379,9.552239,99.987872
MA1,9c493445b065994e9d75c5cd0a32f2d82a2973866d541be049e8e77f49b2df46,"[""R_1"",""N_1"",""R_2"",""N_2"",""R_3"",""N_3"",""R_4"",""N_4"",""R_5"",""N_5"",""R_6"",""N_6"",""R_7"",""N_7"",""R_8"",""N_8"",""R_9"",""N_9"",""R_10"",""N_10"",""R_11"",""N_11"",""R_12"",""N_12"",""R_13"",""N_13"",""R_170"",""N_170"",""R_177"",""N_177"",""R_181"",""N_181"",""R_182"",""N_182"",""R_183"",""N_183"",""R_189"",""N_189"",""R_191"",""N_191"",""R_192"",""N_192"",""R_193"",""N_193"",""R_200"",""N_200"",""R_204"",""N_204"",""R_205"",""N_205"",""R_206"",""N_206"",""R_207"",""N_207"",""R_211"",""N_211"",""R_233"",""N_233"",""R_240"",""N_240"",""R_241"",""N_241"",""R_242"",""N_242"",""R_244"",""N_244"",""R_245"",""N_245"",""R_232"",""N_232""]",32,8451862,32,5,0.000379,100.000000,99.988251
MA1,11ccd5df0ab33805a0cb2cf6fc49477143f4ce95fbcacf91237fe68aae8c4c11,"[""R_2"",""N_2"",""R_3"",""N_3"",""R_4"",""N_4"",""R_6"",""N_6"",""R_7"",""N_7"",""R_8"",""N_8"",""R_10"",""N_10"",""R_11"",""N_11"",""R_13"",""N_13"",""R_170"",""N_170"",""R_177"",""N_177"",""R_181"",""N_181"",""R_182"",""N_182"",""R_183"",""N_183"",""R_189"",""N_189"",""R_191"",""N_191"",""R_192"",""N_192"",""R_193"",""N_193"",""R_199"",""N_199"",""R_200"",""N_200"",""R_204"",""N_204"",""R_205"",""N_205"",""R_206"",""N_206"",""R_207"",""N_207"",""R_211"",""N_211"",""R_233"",""N_233"",""R_240"",""N_240"",""R_241"",""N_241"",""R_242"",""N_242"",""R_244"",""N_244"",""R_245"",""N_245"",""R_232"",""N_232""]",30,8451862,30,6,0.000355,100.000000,99.988606
MA1,409ea90d5519b6361f7ad08596fc9d40910bc2b7db63a4cc875c8999a48f5cb8,"[""R_1"",""N_1"",""R_2"",""N_2"",""R_3"",""N_3"",""R_4"",""N_4"",""R_6"",""N_6"",""R_7"",""N_7"",""R_8"",""N_8"",""R_10"",""N_10"",""R_11"",""N_11"",""R_13"",""N_13"",""R_170"",""N_170"",""R_177"",""N_177"",""R_181"",""N_181"",""R_182"",""N_182"",""R_183"",""N_183"",""R_189"",""N_189"",""R_191"",""N_191"",""R_192"",""N_192"",""R_193"",""N_193"",""R_200"",""N_200"",""R_204"",""N_204"",""R_205"",""N_205"",""R_206"",""N_206"",""R_207"",""N_207"",""R_211"",""N_211"",""R_233"",""N_233"",""R_240"",""N_240"",""R_241"",""N_241"",""R_242"",""N_242"",""R_244"",""N_244"",""R_245"",""N_245"",""R_232"",""N_232""]",29,8451862,29,7,0.000343,100.000000,99.988949
MA1,c741fdffec1d4d5eee6af16b90c0b99f5d635f31c72d92226ff0a14b85919a76,"[""R_2"",""N_2"",""R_3"",""N_3"",""R_4"",""N_4"",""R_6"",""N_6"",""R_7"",""N_7"",""R_8"",""N_8"",""R_10"",""N_10"",""R_11"",""N_11"",""R_12"",""N_12"",""R_13"",""N_13"",""R_170"",""N_170"",""R_171"",""N_171"",""R_172"",""N_172"",""R_173"",""N_173"",""R_174"",""N_174"",""R_177"",""N_177"",""R_180"",""N_180"",""R_181"",""N_181"",""R_182"",""N_182"",""R_183"",""N_183"",""R_184"",""N_184"",""R_187"",""N_187"",""R_188"",""N_188"",""R_189"",""N_189"",""R_190"",""N_190"",""R_191"",""N_191"",""R_192"",""N_192"",""R_193"",""N_193"",""R_194"",""N_194"",""R_195"",""N_195"",""R_196"",""N_196"",""R_197"",""N_197"",""R_198"",""N_198"",""R_199"",""N_199"",""R_200"",""N_200"",""R_204"",""N_204"",""R_205"",""N_205"",""R_206"",""N_206"",""R_207"",""N_207"",""R_211"",""N_211"",""R_233"",""N_233"",""R_240"",""N_240"",""R_241"",""N_241"",""R_242"",""N_242"",""R_244"",""N_244"",""R_245"",""N_245"",""R_175"",""N_175"",""R_232"",""N_232""]",29,8451862,259,8,0.000343,11.196911,99.989292
MA1,21e0848f8b32071ab7bf6f5c1f3e57d95f2e9a22633d0df8fe7dbe394e633401,"[""R_2"",""N_2"",""R_3"",""N_3"",""R_4"",""N_4"",""R_6"",""N_6"",""R_7"",""N_7"",""R_8"",""N_8"",""R_10"",""N_10"",""R_11"",""N_11"",""R_13"",""N_13"",""R_170"",""N_170"",""R_177"",""N_177"",""R_181"",""N_181"",""R_182"",""N_182"",""R_183"",""N_183"",""R_189"",""N_189"",""R_191"",""N_191"",""R_192"",""N_192"",""R_193"",""N_193"",""R_197"",""N_197"",""R_198"",""N_198"",""R_199"",""N_199"",""R_200"",""N_200"",""R_204"",""N_204"",""R_205"",""N_205"",""R_206"",""N_206"",""R_207"",""N_207"",""R_211"",""N_211"",""R_233"",""N_233"",""R_240"",""N_240"",""R_241"",""N_241"",""R_242"",""N_242"",""R_244"",""N_244"",""R_245"",""N_245"",""R_232"",""N_232""]",28,8451862,28,9,0.000331,100.000000,99.989624
MA1,498f5fd18c05fee66df4c183795ad961fe27a6cade63860172ce94fb10ba5c3d,"[""R_1"",""N_1"",""R_2"",""N_2"",""R_3"",""N_3"",""R_4"",""N_4"",""R_5"",""N_5"",""R_6"",""N_6"",""R_7"",""N_7"",""R_8"",""N_8"",""R_10"",""N_10"",""R_11"",""N_11"",""R_13"",""N_13"",""R_170"",""N_170"",""R_177"",""N_177"",""R_181"",""N_181"",""R_182"",""N_182"",""R_183"",""N_183"",""R_189"",""N_189"",""R_191"",""N_191"",""R_192"",""N_192"",""R_193"",""N_193"",""R_200"",""N_200"",""R_204"",""N_204"",""R_205"",""N_205"",""R_206"",""N_206"",""R_207"",""N_207"",""R_211"",""N_211"",""R_233"",""N_233"",""R_240"",""N_240"",""R_241"",""N_241"",""R_242"",""N_242"",""R_244"",""N_244"",""R_245"",""N_245"",""R_232"",""N_232""]",27,8451862,27,10,0.000319,100.000000,99.989943
MA2,293b443a6235fc14d46b1a7a3678fb7e156252e492cd691ad198db6c90187e78,"[""R_1"",""N_1"",""R_2"",""N_2"",""R_3"",""N_3"",""R_4"",""N_4"",""R_6"",""N_6"",""R_7"",""N_7"",""R_8"",""N_8"",""R_10"",""N_10"",""R_11"",""N_11"",""R_13"",""N_13"",""R_173"",""N_173"",""R_177"",""N_177"",""R_180"",""N_180"",""R_181"",""N_181"",""R_182"",""N_182"",""R_188"",""N_188"",""R_189"",""N_189"",""R_191"",""N_191"",""R_193"",""N_193"",""R_195"",""N_195"",""R_196"",""N_196"",""R_198"",""N_198"",""R_200"",""N_200"",""R_204"",""N_204"",""R_205"",""N_205"",""R_206"",""N_206"",""R_207"",""N_207"",""R_211"",""N_211"",""R_240"",""N_240"",""R_244"",""N_244"",""R_245"",""N_245""]",30733487,30738892,30733487,1,99.982416,100.000000,99.982416
MA2,1142d3bbeca2e6a757305465e390222a00f23bd2dab9c54852d6376e46e42e99,"[""R_1"",""N_1"",""R_2"",""N_2"",""R_3"",""N_3"",""R_4"",""N_4"",""R_6"",""N_6"",""R_7"",""N_7"",""R_8"",""N_8"",""R_10"",""N_10"",""R_11"",""N_11"",""R_13"",""N_13"",""R_173"",""N_173"",""R_177"",""N_177"",""R_180"",""N_180"",""R_181"",""N_181"",""R_182"",""N_182"",""R_188"",""N_188"",""R_189"",""N_189"",""R_191"",""N_191"",""R_193"",""N_193"",""R_195"",""N_195"",""R_196"",""N_196"",""R_198"",""N_198"",""R_200"",""N_200"",""R_204"",""N_204"",""R_205"",""N_205"",""R_206"",""N_206"",""R_207"",""N_207"",""R_211"",""N_211"",""R_233"",""N_233"",""R_240"",""N_240"",""R_241"",""N_241"",""R_242"",""N_242"",""R_244"",""N_244"",""R_245"",""N_245"",""R_232"",""N_232""]",444,30738892,444,2,0.001444,100.000000,99.983861
MA2,c3e7ca8838283ee278d886fc757de3d525d2e06d463282f213edc865a49176b5,"[""R_1"",""N_1"",""R_2"",""N_2"",""R_3"",""N_3"",""R_4"",""N_4"",""R_5"",""N_5"",""R_6"",""N_6"",""R_7"",""N_7"",""R_8"",""N_8"",""R_9"",""N_9"",""R_10"",""N_10"",""R_11"",""N_11"",""R_12"",""N_12"",""R_13"",""N_13"",""R_170"",""N_170"",""R_171"",""N_171"",""R_172"",""N_172"",""R_173"",""N_173"",""R_174"",""N_174"",""R_177"",""N_177"",""R_180"",""N_180"",""R_181"",""N_181"",""R_182"",""N_182"",""R_183"",""N_183"",""R_184"",""N_184"",""R_187"",""N_187"",""R_188"",""N_188"",""R_189"",""N_189"",""R_190"",""N_190"",""R_191"",""N_191"",""R_192"",""N_192"",""R_193"",""N_193"",""R_194"",""N_194"",""R_195"",""N_195"",""R_196"",""N_196"",""R_197"",""N_197"",""R_198"",""N_198"",""R_199"",""N_199"",""R_200"",""N_200"",""R_204"",""N_204"",""R_205"",""N_205"",""R_206"",""N_206"",""R_207"",""N_207"",""R_211"",""N_211"",""R_240"",""N_240"",""R_244"",""N_244"",""R_245"",""N_245"",""R_175"",""N_175""]",371,30738892,371,3,0.001207,100.000000,99.985068
MA2,d3b3d3722bef05d0bbd0cb809ad377f4776e8c586cdcf1907639f67d1062793d,"[""R_1"",""N_1"",""R_2"",""N_2"",""R_3"",""N_3"",""R_4"",""N_4"",""R_5"",""N_5"",""R_6"",""N_6"",""R_7"",""N_7"",""R_8"",""N_8"",""R_10"",""N_10"",""R_11"",""N_11"",""R_13"",""N_13"",""R_173"",""N_173"",""R_177"",""N_177"",""R_180"",""N_180"",""R_181"",""N_181"",""R_182"",""N_182"",""R_188"",""N_188"",""R_189"",""N_189"",""R_191"",""N_191"",""R_193"",""N_193"",""R_195"",""N_195"",""R_196"",""N_196"",""R_198"",""N_198"",""R_200"",""N_200"",""R_204"",""N_204"",""R_205"",""N_205"",""R_206"",""N_206"",""R_207"",""N_207"",""R_211"",""N_211"",""R_240"",""N_240"",""R_244"",""N_244"",""R_245"",""N_245""]",177,30738892,177,4,0.000576,100.000000,99.985644
MA2,fdc228dd358ed037962ab29c5bf37710371e986309b19b02348447646824d5c9,"[""R_1"",""N_1"",""R_2"",""N_2"",""R_3"",""N_3"",""R_4"",""N_4"",""R_6"",""N_6"",""R_7"",""N_7"",""R_8"",""N_8"",""R_10"",""N_10"",""R_11"",""N_11"",""R_13"",""N_13"",""R_173"",""N_173"",""R_177"",""N_177"",""R_180"",""N_180"",""R_181"",""N_181"",""R_182"",""N_182"",""R_188"",""N_188"",""R_189"",""N_189"",""R_191"",""N_191"",""R_193"",""N_193"",""R_195"",""N_195"",""R_196"",""N_196"",""R_198"",""N_198"",""R_200"",""N_200"",""R_204"",""N_204"",""R_205"",""N_205"",""R_206"",""N_206"",""R_207"",""N_207"",""R_211"",""N_211"",""R_240"",""N_240"",""R_241"",""N_241"",""R_242"",""N_242"",""R_244"",""N_244"",""R_245"",""N_245""]",176,30738892,176,5,0.000573,100.000000,99.986216
MA2,385e20a60e1570ea14003c40ee9be03b130ede59add0a21f9745506c69202f58,"[""R_1"",""N_1"",""R_2"",""N_2"",""R_3"",""N_3"",""R_4"",""N_4"",""R_5"",""N_5"",""R_6"",""N_6"",""R_7"",""N_7"",""R_8"",""N_8"",""R_9"",""N_9"",""R_10"",""N_10"",""R_11"",""N_11"",""R_12"",""N_12"",""R_13"",""N_13"",""R_170"",""N_170"",""R_171"",""N_171"",""R_172"",""N_172"",""R_173"",""N_173"",""R_174"",""N_174"",""R_177"",""N_177"",""R_180"",""N_180"",""R_181"",""N_181"",""R_182"",""N_182"",""R_183"",""N_183"",""R_184"",""N_184"",""R_187"",""N_187"",""R_188"",""N_188"",""R_189"",""N_189"",""R_190"",""N_190"",""R_191"",""N_191"",""R_192"",""N_192"",""R_193"",""N_193"",""R_194"",""N_194"",""R_195"",""N_195"",""R_196"",""N_196"",""R_197"",""N_197"",""R_198"",""N_198"",""R_199"",""N_199"",""R_200"",""N_200"",""R_204"",""N_204"",""R_205"",""N_205"",""R_206"",""N_206"",""R_207"",""N_207"",""R_211"",""N_211"",""R_233"",""N_233"",""R_240"",""N_240"",""R_244"",""N_244"",""R_245"",""N_245"",""R_175"",""N_175"",""R_232"",""N_232""]",161,30738892,173,6,0.000524,93.063584,99.986740
MA2,87052229959ca9e24bd0bc52e1a6b9906694a1fe827bb1f5f8393a8e6e6aec6b,"[""R_1"",""N_1"",""R_2"",""N_2"",""R_3"",""N_3"",""R_4"",""N_4"",""R_6"",""N_6"",""R_7"",""N_7"",""R_8"",""N_8"",""R_9"",""N_9"",""R_10"",""N_10"",""R_11"",""N_11"",""R_12"",""N_12"",""R_13"",""N_13"",""R_170"",""N_170"",""R_171"",""N_171"",""R_172"",""N_172"",""R_173"",""N_173"",""R_174"",""N_174"",""R_177"",""N_177"",""R_180"",""N_180"",""R_181"",""N_181"",""R_182"",""N_182"",""R_183"",""N_183"",""R_184"",""N_184"",""R_187"",""N_187"",""R_188"",""N_188"",""R_189"",""N_189"",""R_190"",""N_190"",""R_191"",""N_191"",""R_192"",""N_192"",""R_193"",""N_193"",""R_194"",""N_194"",""R_195"",""N_195"",""R_196"",""N_196"",""R_197"",""N_197"",""R_198"",""N_198"",""R_199"",""N_199"",""R_200"",""N_200"",""R_204"",""N_204"",""R_205"",""N_205"",""R_206"",""N_206"",""R_207"",""N_207"",""R_211"",""N_211"",""R_233"",""N_233"",""R_240"",""N_240"",""R_241"",""N_241"",""R_242"",""N_242"",""R_244"",""N_244"",""R_245"",""N_245"",""R_175"",""N_175"",""R_232"",""N_232""]",146,30738892,264,7,0.000475,55.303030,99.987215
MA2,18f8ba3ce65ee223ff6892635f3653baceb63c3340342222b5a79fc916f017a6,"[""R_1"",""N_1"",""R_2"",""N_2"",""R_3"",""N_3"",""R_4"",""N_4"",""R_5"",""N_5"",""R_6"",""N_6"",""R_7"",""N_7"",""R_8"",""N_8"",""R_9"",""N_9"",""R_10"",""N_10"",""R_11"",""N_11"",""R_13"",""N_13"",""R_173"",""N_173"",""R_177"",""N_177"",""R_180"",""N_180"",""R_181"",""N_181"",""R_182"",""N_182"",""R_188"",""N_188"",""R_189"",""N_189"",""R_191"",""N_191"",""R_193"",""N_193"",""R_195"",""N_195"",""R_196"",""N_196"",""R_198"",""N_198"",""R_200"",""N_200"",""R_204"",""N_204"",""R_205"",""N_205"",""R_206"",""N_206"",""R_207"",""N_207"",""R_211"",""N_211"",""R_240"",""N_240"",""R_244"",""N_244"",""R_245"",""N_245""]",106,30738892,106,8,0.000345,100.000000,99.987560
MA2,744a17c767b9fafa4c1306bb8bfdc49b9cd017c7e68c4402dfff85d46bff9f3d,"[""R_1"",""N_1"",""R_2"",""N_2"",""R_3"",""N_3"",""R_4"",""N_4"",""R_6"",""N_6"",""R_7"",""N_7"",""R_8"",""N_8"",""R_10"",""N_10"",""R_11"",""N_11"",""R_13"",""N_13"",""R_173"",""N_173"",""R_177"",""N_177"",""R_180"",""N_180"",""R_181"",""N_181"",""R_182"",""N_182"",""R_188"",""N_188"",""R_189"",""N_189"",""R_191"",""N_191"",""R_193"",""N_193"",""R_195"",""N_195"",""R_196"",""N_196"",""R_198"",""N_198"",""R_200"",""N_200"",""R_204"",""N_204"",""R_205"",""N_205"",""R_206"",""N_206"",""R_207"",""N_207"",""R_211"",""N_211"",""R_233"",""N_233"",""R_240"",""N_240"",""R_241"",""N_241"",""R_242"",""N_242"",""R_244"",""N_244"",""R_245"",""N_245""]",105,30738892,105,9,0.000342,100.000000,99.987901
MA2,36668f45661ec6a4bf959e44fcea9ef12e2124fd00803b114c17c2bead7647b4,"[""R_1"",""N_1"",""R_2"",""N_2"",""R_3"",""N_3"",""R_4"",""N_4"",""R_6"",""N_6"",""R_7"",""N_7"",""R_8"",""N_8"",""R_10"",""N_10"",""R_11"",""N_11"",""R_13"",""N_13"",""R_173"",""N_173"",""R_177"",""N_177"",""R_180"",""N_180"",""R_181"",""N_181"",""R_182"",""N_182"",""R_188"",""N_188"",""R_189"",""N_189"",""R_191"",""N_191"",""R_193"",""N_193"",""R_195"",""N_195"",""R_196"",""N_196"",""R_198"",""N_198"",""R_200"",""N_200"",""R_204"",""N_204"",""R_205"",""N_205"",""R_206"",""N_206"",""R_207"",""N_207"",""R_211"",""N_211"",""R_240"",""N_240"",""R_242"",""N_242"",""R_244"",""N_244"",""R_245"",""N_245""]",101,30738892,101,10,0.000329,100.000000,99.988230
MB1,3de8cd2998e847c821f7c7bc4627723bce0248ba80043dda86dd5be3f8892a96,"[""R_1"",""N_1"",""R_2"",""N_2"",""R_3"",""N_3"",""R_4"",""N_4"",""R_6"",""N_6"",""R_7"",""N_7"",""R_8"",""N_8"",""R_10"",""N_10"",""R_11"",""N_11"",""R_13"",""N_13"",""R_170"",""N_170"",""R_171"",""N_171"",""R_172"",""N_172"",""R_173"",""N_173"",""R_174"",""N_174"",""R_188"",""N_188"",""R_189"",""N_189"",""R_191"",""N_191"",""R_192"",""N_192"",""R_193"",""N_193"",""R_196"",""N_196"",""R_198"",""N_198"",""R_200"",""N_200"",""R_204"",""N_204"",""R_205"",""N_205"",""R_206"",""N_206"",""R_207"",""N_207"",""R_211"",""N_211"",""R_233"",""N_233"",""R_240"",""N_240"",""R_175"",""N_175"",""R_232"",""N_232""]",14018264,14021140,14018264,1,99.979488,100.000000,99.979488
MB1,710f53278d4afc7e317d77405f4effa42465f157c43ee78c351e3cb413cd54a5,"[""R_1"",""N_1"",""R_2"",""N_2"",""R_3"",""N_3"",""R_4"",""N_4"",""R_6"",""N_6"",""R_7"",""N_7"",""R_8"",""N_8"",""R_10"",""N_10"",""R_11"",""N_11"",""R_13"",""N_13"",""R_170"",""N_170"",""R_171"",""N_171"",""R_172"",""N_172"",""R_173"",""N_173"",""R_174"",""N_174"",""R_188"",""N_188"",""R_189"",""N_189"",""R_191"",""N_191"",""R_192"",""N_192"",""R_193"",""N_193"",""R_196"",""N_196"",""R_198"",""N_198"",""R_200"",""N_200"",""R_204"",""N_204"",""R_205"",""N_205"",""R_206"",""N_206"",""R_207"",""N_207"",""R_211"",""N_211"",""R_233"",""N_233"",""R_240"",""N_240"",""R_241"",""N_241"",""R_242"",""N_242"",""R_244"",""N_244"",""R_245"",""N_245"",""R_175"",""N_175"",""R_232"",""N_232""]",156,14021140,156,2,0.001113,100.000000,99.980601
MB1,4a248564ffbcfe4181555c50e61e2f3a9a7519f09df31b5a39fd920b54ba5f6a,"[""R_1"",""N_1"",""R_2"",""N_2"",""R_3"",""N_3"",""R_4"",""N_4"",""R_5"",""N_5"",""R_6"",""N_6"",""R_7"",""N_7"",""R_8"",""N_8"",""R_9"",""N_9"",""R_10"",""N_10"",""R_11"",""N_11"",""R_12"",""N_12"",""R_13"",""N_13"",""R_170"",""N_170"",""R_171"",""N_171"",""R_172"",""N_172"",""R_173"",""N_173"",""R_174"",""N_174"",""R_177"",""N_177"",""R_180"",""N_180"",""R_181"",""N_181"",""R_182"",""N_182"",""R_183"",""N_183"",""R_184"",""N_184"",""R_187"",""N_187"",""R_188"",""N_188"",""R_189"",""N_189"",""R_190"",""N_190"",""R_191"",""N_191"",""R_192"",""N_192"",""R_193"",""N_193"",""R_194"",""N_194"",""R_195"",""N_195"",""R_196"",""N_196"",""R_197"",""N_197"",""R_198"",""N_198"",""R_199"",""N_199"",""R_200"",""N_200"",""R_204"",""N_204"",""R_205"",""N_205"",""R_206"",""N_206"",""R_207"",""N_207"",""R_211"",""N_211"",""R_233"",""N_233"",""R_240"",""N_240"",""R_241"",""N_241"",""R_242"",""N_242"",""R_244"",""N_244"",""R_245"",""N_245"",""R_175"",""N_175"",""R_232"",""N_232""]",142,14021140,635,3,0.001013,22.362205,99.981613
MB1,18b8ceccfb3579b2a59e405bc06e458f2f95e32be555538043b66904daf7b022,"[""R_1"",""N_1"",""R_2"",""N_2"",""R_3"",""N_3"",""R_4"",""N_4"",""R_5"",""N_5"",""R_6"",""N_6"",""R_7"",""N_7"",""R_8"",""N_8"",""R_9"",""N_9"",""R_10"",""N_10"",""R_11"",""N_11"",""R_12"",""N_12"",""R_13"",""N_13"",""R_170"",""N_170"",""R_171"",""N_171"",""R_172"",""N_172"",""R_173"",""N_173"",""R_174"",""N_174"",""R_177"",""N_177"",""R_180"",""N_180"",""R_181"",""N_181"",""R_182"",""N_182"",""R_183"",""N_183"",""R_184"",""N_184"",""R_187"",""N_187"",""R_188"",""N_188"",""R_189"",""N_189"",""R_190"",""N_190"",""R_191"",""N_191"",""R_192"",""N_192"",""R_193"",""N_193"",""R_194"",""N_194"",""R_195"",""N_195"",""R_196"",""N_196"",""R_197"",""N_197"",""R_198"",""N_198"",""R_199"",""N_199"",""R_200"",""N_200"",""R_204"",""N_204"",""R_205"",""N_205"",""R_206"",""N_206"",""R_207"",""N_207"",""R_211"",""N_211"",""R_233"",""N_233"",""R_240"",""N_240"",""R_175"",""N_175"",""R_232"",""N_232""]",136,14021140,271,4,0.000970,50.184502,99.982583
MB1,1a90f2207d1d4e3576c77f2731a6f05fb5c58a7af7ec04e6ff6002ba03748743,"[""R_1"",""N_1"",""R_2"",""N_2"",""R_3"",""N_3"",""R_4"",""N_4"",""R_5"",""N_5"",""R_6"",""N_6"",""R_7"",""N_7"",""R_8"",""N_8"",""R_9"",""N_9"",""R_10"",""N_10"",""R_11"",""N_11"",""R_12"",""N_12"",""R_13"",""N_13"",""R_170"",""N_170"",""R_171"",""N_171"",""R_172"",""N_172"",""R_173"",""N_173"",""R_174"",""N_174"",""R_177"",""N_177"",""R_188"",""N_188"",""R_189"",""N_189"",""R_191"",""N_191"",""R_192"",""N_192"",""R_193"",""N_193"",""R_196"",""N_196"",""R_198"",""N_198"",""R_200"",""N_200"",""R_204"",""N_204"",""R_205"",""N_205"",""R_206"",""N_206"",""R_207"",""N_207"",""R_211"",""N_211"",""R_233"",""N_233"",""R_240"",""N_240"",""R_175"",""N_175"",""R_232"",""N_232""]",103,14021140,103,5,0.000735,100.000000,99.983318
MB1,51b8fe89aeb788a0b6cdcf060b49b8f28909e8d9808fd182d32c9e62972de95f,"[""R_1"",""N_1"",""R_2"",""N_2"",""R_3"",""N_3"",""R_4"",""N_4"",""R_6"",""N_6"",""R_7"",""N_7"",""R_8"",""N_8"",""R_10"",""N_10"",""R_11"",""N_11"",""R_13"",""N_13"",""R_170"",""N_170"",""R_171"",""N_171"",""R_172"",""N_172"",""R_173"",""N_173"",""R_174"",""N_174"",""R_188"",""N_188"",""R_189"",""N_189"",""R_191"",""N_191"",""R_192"",""N_192"",""R_193"",""N_193"",""R_196"",""N_196"",""R_198"",""N_198"",""R_200"",""N_200"",""R_204"",""N_204"",""R_205"",""N_205"",""R_206"",""N_206"",""R_207"",""N_207"",""R_211"",""N_211"",""R_233"",""N_233"",""R_240"",""N_240"",""R_244"",""N_244"",""R_245"",""N_245"",""R_175"",""N_175"",""R_232"",""N_232""]",100,14021140,100,6,0.000713,100.000000,99.984031
MB1,cd229cc0492b1c50cbe817ac5d7c561c74bde29e1e1437fd8cd0d761cfd4fbb1,"[""R_1"",""N_1"",""R_2"",""N_2"",""R_3"",""N_3"",""R_4"",""N_4"",""R_6"",""N_6"",""R_7"",""N_7"",""R_8"",""N_8"",""R_10"",""N_10"",""R_11"",""N_11"",""R_13"",""N_13"",""R_170"",""N_170"",""R_171"",""N_171"",""R_172"",""N_172"",""R_173"",""N_173"",""R_174"",""N_174"",""R_180"",""N_180"",""R_181"",""N_181"",""R_182"",""N_182"",""R_183"",""N_183"",""R_184"",""N_184"",""R_187"",""N_187"",""R_188"",""N_188"",""R_189"",""N_189"",""R_190"",""N_190"",""R_191"",""N_191"",""R_192"",""N_192"",""R_193"",""N_193"",""R_194"",""N_194"",""R_195"",""N_195"",""R_196"",""N_196"",""R_197"",""N_197"",""R_198"",""N_198"",""R_199"",""N_199"",""R_200"",""N_200"",""R_204"",""N_204"",""R_205"",""N_205"",""R_206"",""N_206"",""R_207"",""N_207"",""R_211"",""N_211"",""R_233"",""N_233"",""R_240"",""N_240"",""R_241"",""N_241"",""R_242"",""N_242"",""R_244"",""N_244"",""R_245"",""N_245"",""R_175"",""N_175"",""R_232"",""N_232""]",99,14021140,191,7,0.000706,51.832461,99.984737
MB1,9d1613920fcb40f74bf17c6a9692f6a6b3a986537d8f722984245992de8d5142,"[""R_1"",""N_1"",""R_2"",""N_2"",""R_3"",""N_3"",""R_4"",""N_4"",""R_5"",""N_5"",""R_6"",""N_6"",""R_7"",""N_7"",""R_8"",""N_8"",""R_9"",""N_9"",""R_10"",""N_10"",""R_11"",""N_11"",""R_12"",""N_12"",""R_13"",""N_13"",""R_170"",""N_170"",""R_171"",""N_171"",""R_172"",""N_172"",""R_173"",""N_173"",""R_174"",""N_174"",""R_177"",""N_177"",""R_180"",""N_180"",""R_181"",""N_181"",""R_182"",""N_182"",""R_183"",""N_183"",""R_184"",""N_184"",""R_187"",""N_187"",""R_188"",""N_188"",""R_189"",""N_189"",""R_190"",""N_190"",""R_191"",""N_191"",""R_192"",""N_192"",""R_193"",""N_193"",""R_194"",""N_194"",""R_195"",""N_195"",""R_196"",""N_196"",""R_197"",""N_197"",""R_198"",""N_198"",""R_199"",""N_199"",""R_200"",""N_200"",""R_204"",""N_204"",""R_205"",""N_205"",""R_206"",""N_206"",""R_207"",""N_207"",""R_211"",""N_211"",""R_233"",""N_233"",""R_240"",""N_240"",""R_241"",""N_241"",""R_242"",""N_242"",""R_175"",""N_175"",""R_232"",""N_232""]",90,14021140,170,8,0.000642,52.941176,99.985379
MB1,92ab13ad5b4fc1323b65ff8dadc451d926d576b5d3e468654dc5c11161ec73e5,"[""R_1"",""N_1"",""R_2"",""N_2"",""R_3"",""N_3"",""R_4"",""N_4"",""R_5"",""N_5"",""R_6"",""N_6"",""R_7"",""N_7"",""R_8"",""N_8"",""R_10"",""N_10"",""R_11"",""N_11"",""R_13"",""N_13"",""R_170"",""N_170"",""R_171"",""N_171"",""R_172"",""N_172"",""R_173"",""N_173"",""R_174"",""N_174"",""R_188"",""N_188"",""R_189"",""N_189"",""R_191"",""N_191"",""R_192"",""N_192"",""R_193"",""N_193"",""R_196"",""N_196"",""R_198"",""N_198"",""R_200"",""N_200"",""R_204"",""N_204"",""R_205"",""N_205"",""R_206"",""N_206"",""R_207"",""N_207"",""R_211"",""N_211"",""R_233"",""N_233"",""R_240"",""N_240"",""R_175"",""N_175"",""R_232"",""N_232""]",76,14021140,76,9,0.000542,100.000000,99.985921
MB1,c1d045b63aa25353775520f9ca5dc1481d8bdec8673c29d2421b4429d1f3914c,"[""R_1"",""N_1"",""R_2"",""N_2"",""R_3"",""N_3"",""R_4"",""N_4"",""R_5"",""N_5"",""R_6"",""N_6"",""R_7"",""N_7"",""R_8"",""N_8"",""R_9"",""N_9"",""R_10"",""N_10"",""R_11"",""N_11"",""R_13"",""N_13"",""R_170"",""N_170"",""R_171"",""N_171"",""R_172"",""N_172"",""R_173"",""N_173"",""R_174"",""N_174"",""R_188"",""N_188"",""R_189"",""N_189"",""R_191"",""N_191"",""R_192"",""N_192"",""R_193"",""N_193"",""R_196"",""N_196"",""R_198"",""N_198"",""R_200"",""N_200"",""R_204"",""N_204"",""R_205"",""N_205"",""R_206"",""N_206"",""R_207"",""N_207"",""R_211"",""N_211"",""R_233"",""N_233"",""R_240"",""N_240"",""R_175"",""N_175"",""R_232"",""N_232""]",61,14021140,61,10,0.000435,100.000000,99.986356
MB2,bcd36d9c7c1cd64852b6c5da77f7ed4ec467230707f5c75bd549082f248648f4,"[""R_1"",""N_1"",""R_2"",""N_2"",""R_3"",""N_3"",""R_4"",""N_4"",""R_6"",""N_6"",""R_7"",""N_7"",""R_8"",""N_8"",""R_10"",""N_10"",""R_11"",""N_11"",""R_13"",""N_13"",""R_170"",""N_170"",""R_171"",""N_171"",""R_172"",""N_172"",""R_173"",""N_173"",""R_174"",""N_174"",""R_188"",""N_188"",""R_189"",""N_189"",""R_191"",""N_191"",""R_192"",""N_192"",""R_193"",""N_193"",""R_194"",""N_194"",""R_196"",""N_196"",""R_198"",""N_198"",""R_200"",""N_200"",""R_204"",""N_204"",""R_205"",""N_205"",""R_206"",""N_206"",""R_207"",""N_207"",""R_211"",""N_211"",""R_233"",""N_233"",""R_240"",""N_240"",""R_175"",""N_175"",""R_232"",""N_232""]",15291844,15294810,15291846,1,99.980608,99.999987,99.980608
MB2,5b191b1c3b68d2845b335fa8df98522c5baa42dd1551723445c558895de22ec0,"[""R_1"",""N_1"",""R_2"",""N_2"",""R_3"",""N_3"",""R_4"",""N_4"",""R_6"",""N_6"",""R_7"",""N_7"",""R_8"",""N_8"",""R_10"",""N_10"",""R_11"",""N_11"",""R_13"",""N_13"",""R_170"",""N_170"",""R_171"",""N_171"",""R_172"",""N_172"",""R_173"",""N_173"",""R_174"",""N_174"",""R_188"",""N_188"",""R_189"",""N_189"",""R_191"",""N_191"",""R_192"",""N_192"",""R_193"",""N_193"",""R_194"",""N_194"",""R_196"",""N_196"",""R_198"",""N_198"",""R_200"",""N_200"",""R_204"",""N_204"",""R_205"",""N_205"",""R_206"",""N_206"",""R_207"",""N_207"",""R_211"",""N_211"",""R_233"",""N_233"",""R_240"",""N_240"",""R_241"",""N_241"",""R_242"",""N_242"",""R_244"",""N_244"",""R_245"",""N_245"",""R_175"",""N_175"",""R_232"",""N_232""]",147,15294810,147,2,0.000961,100.000000,99.981569
MB2,4a248564ffbcfe4181555c50e61e2f3a9a7519f09df31b5a39fd920b54ba5f6a,"[""R_1"",""N_1"",""R_2"",""N_2"",""R_3"",""N_3"",""R_4"",""N_4"",""R_5"",""N_5"",""R_6"",""N_6"",""R_7"",""N_7"",""R_8"",""N_8"",""R_9"",""N_9"",""R_10"",""N_10"",""R_11"",""N_11"",""R_12"",""N_12"",""R_13"",""N_13"",""R_170"",""N_170"",""R_171"",""N_171"",""R_172"",""N_172"",""R_173"",""N_173"",""R_174"",""N_174"",""R_177"",""N_177"",""R_180"",""N_180"",""R_181"",""N_181"",""R_182"",""N_182"",""R_183"",""N_183"",""R_184"",""N_184"",""R_187"",""N_187"",""R_188"",""N_188"",""R_189"",""N_189"",""R_190"",""N_190"",""R_191"",""N_191"",""R_192"",""N_192"",""R_193"",""N_193"",""R_194"",""N_194"",""R_195"",""N_195"",""R_196"",""N_196"",""R_197"",""N_197"",""R_198"",""N_198"",""R_199"",""N_199"",""R_200"",""N_200"",""R_204"",""N_204"",""R_205"",""N_205"",""R_206"",""N_206"",""R_207"",""N_207"",""R_211"",""N_211"",""R_233"",""N_233"",""R_240"",""N_240"",""R_241"",""N_241"",""R_242"",""N_242"",""R_244"",""N_244"",""R_245"",""N_245"",""R_175"",""N_175"",""R_232"",""N_232""]",139,15294810,635,3,0.000909,21.889764,99.982478
MB2,18b8ceccfb3579b2a59e405bc06e458f2f95e32be555538043b66904daf7b022,"[""R_1"",""N_1"",""R_2"",""N_2"",""R_3"",""N_3"",""R_4"",""N_4"",""R_5"",""N_5"",""R_6"",""N_6"",""R_7"",""N_7"",""R_8"",""N_8"",""R_9"",""N_9"",""R_10"",""N_10"",""R_11"",""N_11"",""R_12"",""N_12"",""R_13"",""N_13"",""R_170"",""N_170"",""R_171"",""N_171"",""R_172"",""N_172"",""R_173"",""N_173"",""R_174"",""N_174"",""R_177"",""N_177"",""R_180"",""N_180"",""R_181"",""N_181"",""R_182"",""N_182"",""R_183"",""N_183"",""R_184"",""N_184"",""R_187"",""N_187"",""R_188"",""N_188"",""R_189"",""N_189"",""R_190"",""N_190"",""R_191"",""N_191"",""R_192"",""N_192"",""R_193"",""N_193"",""R_194"",""N_194"",""R_195"",""N_195"",""R_196"",""N_196"",""R_197"",""N_197"",""R_198"",""N_198"",""R_199"",""N_199"",""R_200"",""N_200"",""R_204"",""N_204"",""R_205"",""N_205"",""R_206"",""N_206"",""R_207"",""N_207"",""R_211"",""N_211"",""R_233"",""N_233"",""R_240"",""N_240"",""R_175"",""N_175"",""R_232"",""N_232""]",135,15294810,271,4,0.000883,49.815498,99.983360
MB2,3b54be5ea7350515ca6ac442bc3bb79acdd4fdadb6ce15a3001de2ba502966a5,"[""R_1"",""N_1"",""R_2"",""N_2"",""R_3"",""N_3"",""R_4"",""N_4"",""R_5"",""N_5"",""R_6"",""N_6"",""R_7"",""N_7"",""R_8"",""N_8"",""R_9"",""N_9"",""R_10"",""N_10"",""R_11"",""N_11"",""R_12"",""N_12"",""R_13"",""N_13"",""R_170"",""N_170"",""R_171"",""N_171"",""R_172"",""N_172"",""R_173"",""N_173"",""R_174"",""N_174"",""R_177"",""N_177"",""R_188"",""N_188"",""R_189"",""N_189"",""R_191"",""N_191"",""R_192"",""N_192"",""R_193"",""N_193"",""R_194"",""N_194"",""R_196"",""N_196"",""R_198"",""N_198"",""R_200"",""N_200"",""R_204"",""N_204"",""R_205"",""N_205"",""R_206"",""N_206"",""R_207"",""N_207"",""R_211"",""N_211"",""R_233"",""N_233"",""R_240"",""N_240"",""R_175"",""N_175"",""R_232"",""N_232""]",102,15294810,102,5,0.000667,100.000000,99.984027
MB2,5255161774bef3621da650dc208d387b5d06e89d65506982bc58e03250a44384,"[""R_1"",""N_1"",""R_2"",""N_2"",""R_3"",""N_3"",""R_4"",""N_4"",""R_6"",""N_6"",""R_7"",""N_7"",""R_8"",""N_8"",""R_10"",""N_10"",""R_11"",""N_11"",""R_13"",""N_13"",""R_170"",""N_170"",""R_171"",""N_171"",""R_172"",""N_172"",""R_173"",""N_173"",""R_174"",""N_174"",""R_188"",""N_188"",""R_189"",""N_189"",""R_191"",""N_191"",""R_192"",""N_192"",""R_193"",""N_193"",""R_194"",""N_194"",""R_196"",""N_196"",""R_198"",""N_198"",""R_200"",""N_200"",""R_204"",""N_204"",""R_205"",""N_205"",""R_206"",""N_206"",""R_207"",""N_207"",""R_211"",""N_211"",""R_233"",""N_233"",""R_240"",""N_240"",""R_244"",""N_244"",""R_245"",""N_245"",""R_175"",""N_175"",""R_232"",""N_232""]",100,15294810,100,6,0.000654,100.000000,99.984681
MB2,cd229cc0492b1c50cbe817ac5d7c561c74bde29e1e1437fd8cd0d761cfd4fbb1,"[""R_1"",""N_1"",""R_2"",""N_2"",""R_3"",""N_3"",""R_4"",""N_4"",""R_6"",""N_6"",""R_7"",""N_7"",""R_8"",""N_8"",""R_10"",""N_10"",""R_11"",""N_11"",""R_13"",""N_13"",""R_170"",""N_170"",""R_171"",""N_171"",""R_172"",""N_172"",""R_173"",""N_173"",""R_174"",""N_174"",""R_180"",""N_180"",""R_181"",""N_181"",""R_182"",""N_182"",""R_183"",""N_183"",""R_184"",""N_184"",""R_187"",""N_187"",""R_188"",""N_188"",""R_189"",""N_189"",""R_190"",""N_190"",""R_191"",""N_191"",""R_192"",""N_192"",""R_193"",""N_193"",""R_194"",""N_194"",""R_195"",""N_195"",""R_196"",""N_196"",""R_197"",""N_197"",""R_198"",""N_198"",""R_199"",""N_199"",""R_200"",""N_200"",""R_204"",""N_204"",""R_205"",""N_205"",""R_206"",""N_206"",""R_207"",""N_207"",""R_211"",""N_211"",""R_233"",""N_233"",""R_240"",""N_240"",""R_241"",""N_241"",""R_242"",""N_242"",""R_244"",""N_244"",""R_245"",""N_245"",""R_175"",""N_175"",""R_232"",""N_232""]",92,15294810,191,7,0.000602,48.167539,99.985283
MB2,9d1613920fcb40f74bf17c6a9692f6a6b3a986537d8f722984245992de8d5142,"[""R_1"",""N_1"",""R_2"",""N_2"",""R_3"",""N_3"",""R_4"",""N_4"",""R_5"",""N_5"",""R_6"",""N_6"",""R_7"",""N_7"",""R_8"",""N_8"",""R_9"",""N_9"",""R_10"",""N_10"",""R_11"",""N_11"",""R_12"",""N_12"",""R_13"",""N_13"",""R_170"",""N_170"",""R_171"",""N_171"",""R_172"",""N_172"",""R_173"",""N_173"",""R_174"",""N_174"",""R_177"",""N_177"",""R_180"",""N_180"",""R_181"",""N_181"",""R_182"",""N_182"",""R_183"",""N_183"",""R_184"",""N_184"",""R_187"",""N_187"",""R_188"",""N_188"",""R_189"",""N_189"",""R_190"",""N_190"",""R_191"",""N_191"",""R_192"",""N_192"",""R_193"",""N_193"",""R_194"",""N_194"",""R_195"",""N_195"",""R_196"",""N_196"",""R_197"",""N_197"",""R_198"",""N_198"",""R_199"",""N_199"",""R_200"",""N_200"",""R_204"",""N_204"",""R_205"",""N_205"",""R_206"",""N_206"",""R_207"",""N_207"",""R_211"",""N_211"",""R_233"",""N_233"",""R_240"",""N_240"",""R_241"",""N_241"",""R_242"",""N_242"",""R_175"",""N_175"",""R_232"",""N_232""]",80,15294810,170,8,0.000523,47.058824,99.985806
MB2,2387bdfae378933a6791f3dd2232b7135e20900b789553bd1bf0ca8e6a8b1b4a,"[""R_1"",""N_1"",""R_2"",""N_2"",""R_3"",""N_3"",""R_4"",""N_4"",""R_5"",""N_5"",""R_6"",""N_6"",""R_7"",""N_7"",""R_8"",""N_8"",""R_10"",""N_10"",""R_11"",""N_11"",""R_13"",""N_13"",""R_170"",""N_170"",""R_171"",""N_171"",""R_172"",""N_172"",""R_173"",""N_173"",""R_174"",""N_174"",""R_188"",""N_188"",""R_189"",""N_189"",""R_191"",""N_191"",""R_192"",""N_192"",""R_193"",""N_193"",""R_194"",""N_194"",""R_196"",""N_196"",""R_198"",""N_198"",""R_200"",""N_200"",""R_204"",""N_204"",""R_205"",""N_205"",""R_206"",""N_206"",""R_207"",""N_207"",""R_211"",""N_211"",""R_233"",""N_233"",""R_240"",""N_240"",""R_175"",""N_175"",""R_232"",""N_232""]",65,15294810,65,9,0.000425,100.000000,99.986231
MB2,e4bd25812b05f1344607ec13209f4b5f36264fe10767431c9b5510d0bf1e6000,"[""R_1"",""N_1"",""R_2"",""N_2"",""R_3"",""N_3"",""R_4"",""N_4"",""R_5"",""N_5"",""R_6"",""N_6"",""R_7"",""N_7"",""R_8"",""N_8"",""R_9"",""N_9"",""R_10"",""N_10"",""R_11"",""N_11"",""R_13"",""N_13"",""R_170"",""N_170"",""R_171"",""N_171"",""R_172"",""N_172"",""R_173"",""N_173"",""R_174"",""N_174"",""R_188"",""N_188"",""R_189"",""N_189"",""R_191"",""N_191"",""R_192"",""N_192"",""R_193"",""N_193"",""R_194"",""N_194"",""R_196"",""N_196"",""R_198"",""N_198"",""R_200"",""N_200"",""R_204"",""N_204"",""R_205"",""N_205"",""R_206"",""N_206"",""R_207"",""N_207"",""R_211"",""N_211"",""R_233"",""N_233"",""R_240"",""N_240"",""R_175"",""N_175"",""R_232"",""N_232""]",63,15294810,63,10,0.000412,100.000000,99.986643
MC1,d237e8c2e2409dd8e304d0e30a9928d96ed499ac595f6e4c132ff2232474423e,"[""R_2"",""N_2"",""R_3"",""N_3"",""R_4"",""N_4"",""R_6"",""N_6"",""R_7"",""N_7"",""R_8"",""N_8"",""R_10"",""N_10"",""R_11"",""N_11"",""R_13"",""N_13"",""R_177"",""N_177"",""R_181"",""N_181"",""R_182"",""N_182"",""R_189"",""N_189"",""R_190"",""N_190"",""R_191"",""N_191"",""R_192"",""N_192"",""R_193"",""N_193"",""R_200"",""N_200"",""R_204"",""N_204"",""R_205"",""N_205"",""R_207"",""N_207"",""R_211"",""N_211"",""R_233"",""N_233"",""R_240"",""N_240"",""R_241"",""N_241"",""R_242"",""N_242"",""R_244"",""N_244"",""R_245"",""N_245"",""R_175"",""N_175"",""R_232"",""N_232""]",61469043,61484596,68492879,1,99.974704,89.745159,99.974704
MC1,6c8a405fa0bc962ae57b8df5e6ebba4349813efb5bd3d5d84df37deb8cc2c14c,"[""R_2"",""N_2"",""R_3"",""N_3"",""R_4"",""N_4"",""R_6"",""N_6"",""R_7"",""N_7"",""R_8"",""N_8"",""R_10"",""N_10"",""R_11"",""N_11"",""R_13"",""N_13"",""R_177"",""N_177"",""R_181"",""N_181"",""R_182"",""N_182"",""R_189"",""N_189"",""R_190"",""N_190"",""R_191"",""N_191"",""R_192"",""N_192"",""R_193"",""N_193"",""R_200"",""N_200"",""R_204"",""N_204"",""R_205"",""N_205"",""R_207"",""N_207"",""R_233"",""N_233"",""R_240"",""N_240"",""R_241"",""N_241"",""R_242"",""N_242"",""R_244"",""N_244"",""R_245"",""N_245"",""R_175"",""N_175"",""R_232"",""N_232""]",2738,61484596,254841,2,0.004453,1.074395,99.979157
MC1,dd5009da2c611999c6f53085ecd74e7fe90d0570289845005dac7a914462f3ab,"[""R_2"",""N_2"",""R_3"",""N_3"",""R_4"",""N_4"",""R_6"",""N_6"",""R_7"",""N_7"",""R_8"",""N_8"",""R_10"",""N_10"",""R_11"",""N_11"",""R_13"",""N_13"",""R_177"",""N_177"",""R_180"",""N_180"",""R_181"",""N_181"",""R_182"",""N_182"",""R_189"",""N_189"",""R_190"",""N_190"",""R_191"",""N_191"",""R_192"",""N_192"",""R_193"",""N_193"",""R_200"",""N_200"",""R_204"",""N_204"",""R_205"",""N_205"",""R_207"",""N_207"",""R_211"",""N_211"",""R_233"",""N_233"",""R_240"",""N_240"",""R_241"",""N_241"",""R_242"",""N_242"",""R_244"",""N_244"",""R_245"",""N_245"",""R_175"",""N_175"",""R_232"",""N_232""]",909,61484596,984,3,0.001478,92.378049,99.980636
MC1,29b60bbc5d246d6d0e6978fbe8cc2d0ef442cfe18121bfe54d205126e144e81a,"[""R_1"",""N_1"",""R_2"",""N_2"",""R_3"",""N_3"",""R_4"",""N_4"",""R_5"",""N_5"",""R_6"",""N_6"",""R_7"",""N_7"",""R_8"",""N_8"",""R_9"",""N_9"",""R_10"",""N_10"",""R_11"",""N_11"",""R_12"",""N_12"",""R_13"",""N_13"",""R_170"",""N_170"",""R_171"",""N_171"",""R_172"",""N_172"",""R_173"",""N_173"",""R_174"",""N_174"",""R_177"",""N_177"",""R_181"",""N_181"",""R_182"",""N_182"",""R_183"",""N_183"",""R_184"",""N_184"",""R_187"",""N_187"",""R_188"",""N_188"",""R_189"",""N_189"",""R_190"",""N_190"",""R_191"",""N_191"",""R_192"",""N_192"",""R_193"",""N_193"",""R_194"",""N_194"",""R_195"",""N_195"",""R_196"",""N_196"",""R_197"",""N_197"",""R_198"",""N_198"",""R_199"",""N_199"",""R_200"",""N_200"",""R_204"",""N_204"",""R_205"",""N_205"",""R_206"",""N_206"",""R_207"",""N_207"",""R_211"",""N_211"",""R_233"",""N_233"",""R_240"",""N_240"",""R_241"",""N_241"",""R_242"",""N_242"",""R_244"",""N_244"",""R_245"",""N_245"",""R_175"",""N_175"",""R_232"",""N_232""]",729,61484596,789,4,0.001186,92.395437,99.981821
MC1,ecc454b3675bc29ba37c21157fceecfbd26fdf7440f48abc61a6330e6f35c920,"[""R_2"",""N_2"",""R_3"",""N_3"",""R_4"",""N_4"",""R_6"",""N_6"",""R_7"",""N_7"",""R_8"",""N_8"",""R_10"",""N_10"",""R_11"",""N_11"",""R_13"",""N_13"",""R_177"",""N_177"",""R_180"",""N_180"",""R_181"",""N_181"",""R_182"",""N_182"",""R_189"",""N_189"",""R_190"",""N_190"",""R_191"",""N_191"",""R_192"",""N_192"",""R_193"",""N_193"",""R_200"",""N_200"",""R_204"",""N_204"",""R_205"",""N_205"",""R_206"",""N_206"",""R_207"",""N_207"",""R_211"",""N_211"",""R_233"",""N_233"",""R_240"",""N_240"",""R_241"",""N_241"",""R_242"",""N_242"",""R_244"",""N_244"",""R_245"",""N_245"",""R_175"",""N_175"",""R_232"",""N_232""]",404,61484596,444,5,0.000657,90.990991,99.982479
MC1,735830d996234e8f2facfd479e9f7e19e028a0940c961ae27040de111a7f16b1,"[""R_1"",""N_1"",""R_2"",""N_2"",""R_3"",""N_3"",""R_4"",""N_4"",""R_5"",""N_5"",""R_6"",""N_6"",""R_7"",""N_7"",""R_8"",""N_8"",""R_9"",""N_9"",""R_10"",""N_10"",""R_11"",""N_11"",""R_12"",""N_12"",""R_13"",""N_13"",""R_170"",""N_170"",""R_171"",""N_171"",""R_172"",""N_172"",""R_173"",""N_173"",""R_174"",""N_174"",""R_177"",""N_177"",""R_181"",""N_181"",""R_182"",""N_182"",""R_183"",""N_183"",""R_184"",""N_184"",""R_187"",""N_187"",""R_188"",""N_188"",""R_189"",""N_189"",""R_190"",""N_190"",""R_191"",""N_191"",""R_192"",""N_192"",""R_193"",""N_193"",""R_194"",""N_194"",""R_195"",""N_195"",""R_196"",""N_196"",""R_197"",""N_197"",""R_198"",""N_198"",""R_199"",""N_199"",""R_200"",""N_200"",""R_204"",""N_204"",""R_205"",""N_205"",""R_207"",""N_207"",""R_211"",""N_211"",""R_233"",""N_233"",""R_240"",""N_240"",""R_241"",""N_241"",""R_242"",""N_242"",""R_244"",""N_244"",""R_245"",""N_245"",""R_175"",""N_175"",""R_232"",""N_232""]",377,61484596,410,6,0.000613,91.951220,99.983092
MC1,4a248564ffbcfe4181555c50e61e2f3a9a7519f09df31b5a39fd920b54ba5f6a,"[""R_1"",""N_1"",""R_2"",""N_2"",""R_3"",""N_3"",""R_4"",""N_4"",""R_5"",""N_5"",""R_6"",""N_6"",""R_7"",""N_7"",""R_8"",""N_8"",""R_9"",""N_9"",""R_10"",""N_10"",""R_11"",""N_11"",""R_12"",""N_12"",""R_13"",""N_13"",""R_170"",""N_170"",""R_171"",""N_171"",""R_172"",""N_172"",""R_173"",""N_173"",""R_174"",""N_174"",""R_177"",""N_177"",""R_180"",""N_180"",""R_181"",""N_181"",""R_182"",""N_182"",""R_183"",""N_183"",""R_184"",""N_184"",""R_187"",""N_187"",""R_188"",""N_188"",""R_189"",""N_189"",""R_190"",""N_190"",""R_191"",""N_191"",""R_192"",""N_192"",""R_193"",""N_193"",""R_194"",""N_194"",""R_195"",""N_195"",""R_196"",""N_196"",""R_197"",""N_197"",""R_198"",""N_198"",""R_199"",""N_199"",""R_200"",""N_200"",""R_204"",""N_204"",""R_205"",""N_205"",""R_206"",""N_206"",""R_207"",""N_207"",""R_211"",""N_211"",""R_233"",""N_233"",""R_240"",""N_240"",""R_241"",""N_241"",""R_242"",""N_242"",""R_244"",""N_244"",""R_245"",""N_245"",""R_175"",""N_175"",""R_232"",""N_232""]",259,61484596,635,7,0.000421,40.787402,99.983513
MC1,59306f66651b6060a0f5d0a2f32c98c3a58b2c4ae1da3adad288f433f2988434,"[""R_1"",""N_1"",""R_2"",""N_2"",""R_3"",""N_3"",""R_4"",""N_4"",""R_6"",""N_6"",""R_7"",""N_7"",""R_8"",""N_8"",""R_10"",""N_10"",""R_11"",""N_11"",""R_13"",""N_13"",""R_177"",""N_177"",""R_181"",""N_181"",""R_182"",""N_182"",""R_189"",""N_189"",""R_190"",""N_190"",""R_191"",""N_191"",""R_192"",""N_192"",""R_193"",""N_193"",""R_200"",""N_200"",""R_204"",""N_204"",""R_205"",""N_205"",""R_207"",""N_207"",""R_211"",""N_211"",""R_233"",""N_233"",""R_240"",""N_240"",""R_241"",""N_241"",""R_242"",""N_242"",""R_244"",""N_244"",""R_245"",""N_245"",""R_175"",""N_175"",""R_232"",""N_232""]",243,61484596,316,8,0.000395,76.898734,99.983908
MC1,4c1a5d10a44c0764fd5ad08224bcd183f272127951e90fbf97823a3d61aaad9f,"[""R_2"",""N_2"",""R_3"",""N_3"",""R_4"",""N_4"",""R_5"",""N_5"",""R_6"",""N_6"",""R_7"",""N_7"",""R_8"",""N_8"",""R_9"",""N_9"",""R_10"",""N_10"",""R_11"",""N_11"",""R_12"",""N_12"",""R_13"",""N_13"",""R_170"",""N_170"",""R_171"",""N_171"",""R_172"",""N_172"",""R_173"",""N_173"",""R_174"",""N_174"",""R_177"",""N_177"",""R_180"",""N_180"",""R_181"",""N_181"",""R_182"",""N_182"",""R_183"",""N_183"",""R_184"",""N_184"",""R_187"",""N_187"",""R_188"",""N_188"",""R_189"",""N_189"",""R_190"",""N_190"",""R_191"",""N_191"",""R_192"",""N_192"",""R_193"",""N_193"",""R_194"",""N_194"",""R_195"",""N_195"",""R_196"",""N_196"",""R_197"",""N_197"",""R_198"",""N_198"",""R_199"",""N_199"",""R_200"",""N_200"",""R_204"",""N_204"",""R_205"",""N_205"",""R_206"",""N_206"",""R_207"",""N_207"",""R_211"",""N_211"",""R_233"",""N_233"",""R_240"",""N_240"",""R_241"",""N_241"",""R_242"",""N_242"",""R_244"",""N_244"",""R_245"",""N_245"",""R_175"",""N_175"",""R_232"",""N_232""]",236,61484596,335,9,0.000384,70.447761,99.984292
MC1,4581fe47f0f90ab6fcbeb69a431dbc3f291674ca8972eb40c5bcf0486465b9ca,"[""R_1"",""N_1"",""R_2"",""N_2"",""R_3"",""N_3"",""R_4"",""N_4"",""R_5"",""N_5"",""R_6"",""N_6"",""R_7"",""N_7"",""R_8"",""N_8"",""R_10"",""N_10"",""R_11"",""N_11"",""R_13"",""N_13"",""R_177"",""N_177"",""R_181"",""N_181"",""R_182"",""N_182"",""R_189"",""N_189"",""R_190"",""N_190"",""R_191"",""N_191"",""R_192"",""N_192"",""R_193"",""N_193"",""R_200"",""N_200"",""R_204"",""N_204"",""R_205"",""N_205"",""R_207"",""N_207"",""R_211"",""N_211"",""R_233"",""N_233"",""R_240"",""N_240"",""R_241"",""N_241"",""R_242"",""N_242"",""R_244"",""N_244"",""R_245"",""N_245"",""R_175"",""N_175"",""R_232"",""N_232""]",231,61484596,258,10,0.000376,89.534884,99.984668
MC2,d237e8c2e2409dd8e304d0e30a9928d96ed499ac595f6e4c132ff2232474423e,"[""R_2"",""N_2"",""R_3"",""N_3"",""R_4"",""N_4"",""R_6"",""N_6"",""R_7"",""N_7"",""R_8"",""N_8"",""R_10"",""N_10"",""R_11"",""N_11"",""R_13"",""N_13"",""R_177"",""N_177"",""R_181"",""N_181"",""R_182"",""N_182"",""R_189"",""N_189"",""R_190"",""N_190"",""R_191"",""N_191"",""R_192"",""N_192"",""R_193"",""N_193"",""R_200"",""N_200"",""R_204"",""N_204"",""R_205"",""N_205"",""R_207"",""N_207"",""R_211"",""N_211"",""R_233"",""N_233"",""R_240"",""N_240"",""R_241"",""N_241"",""R_242"",""N_242"",""R_244"",""N_244"",""R_245"",""N_245"",""R_175"",""N_175"",""R_232"",""N_232""]",7023836,7277321,68492879,1,96.516781,10.254841,96.516781
MC2,6c8a405fa0bc962ae57b8df5e6ebba4349813efb5bd3d5d84df37deb8cc2c14c,"[""R_2"",""N_2"",""R_3"",""N_3"",""R_4"",""N_4"",""R_6"",""N_6"",""R_7"",""N_7"",""R_8"",""N_8"",""R_10"",""N_10"",""R_11"",""N_11"",""R_13"",""N_13"",""R_177"",""N_177"",""R_181"",""N_181"",""R_182"",""N_182"",""R_189"",""N_189"",""R_190"",""N_190"",""R_191"",""N_191"",""R_192"",""N_192"",""R_193"",""N_193"",""R_200"",""N_200"",""R_204"",""N_204"",""R_205"",""N_205"",""R_207"",""N_207"",""R_233"",""N_233"",""R_240"",""N_240"",""R_241"",""N_241"",""R_242"",""N_242"",""R_244"",""N_244"",""R_245"",""N_245"",""R_175"",""N_175"",""R_232"",""N_232""]",252103,7277321,254841,2,3.464228,98.925605,99.981009
MC2,dd5009da2c611999c6f53085ecd74e7fe90d0570289845005dac7a914462f3ab,"[""R_2"",""N_2"",""R_3"",""N_3"",""R_4"",""N_4"",""R_6"",""N_6"",""R_7"",""N_7"",""R_8"",""N_8"",""R_10"",""N_10"",""R_11"",""N_11"",""R_13"",""N_13"",""R_177"",""N_177"",""R_180"",""N_180"",""R_181"",""N_181"",""R_182"",""N_182"",""R_189"",""N_189"",""R_190"",""N_190"",""R_191"",""N_191"",""R_192"",""N_192"",""R_193"",""N_193"",""R_200"",""N_200"",""R_204"",""N_204"",""R_205"",""N_205"",""R_207"",""N_207"",""R_211"",""N_211"",""R_233"",""N_233"",""R_240"",""N_240"",""R_241"",""N_241"",""R_242"",""N_242"",""R_244"",""N_244"",""R_245"",""N_245"",""R_175"",""N_175"",""R_232"",""N_232""]",75,7277321,984,3,0.001031,7.621951,99.982040
MC2,59306f66651b6060a0f5d0a2f32c98c3a58b2c4ae1da3adad288f433f2988434,"[""R_1"",""N_1"",""R_2"",""N_2"",""R_3"",""N_3"",""R_4"",""N_4"",""R_6"",""N_6"",""R_7"",""N_7"",""R_8"",""N_8"",""R_10"",""N_10"",""R_11"",""N_11"",""R_13"",""N_13"",""R_177"",""N_177"",""R_181"",""N_181"",""R_182"",""N_182"",""R_189"",""N_189"",""R_190"",""N_190"",""R_191"",""N_191"",""R_192"",""N_192"",""R_193"",""N_193"",""R_200"",""N_200"",""R_204"",""N_204"",""R_205"",""N_205"",""R_207"",""N_207"",""R_211"",""N_211"",""R_233"",""N_233"",""R_240"",""N_240"",""R_241"",""N_241"",""R_242"",""N_242"",""R_244"",""N_244"",""R_245"",""N_245"",""R_175"",""N_175"",""R_232"",""N_232""]",73,7277321,316,4,0.001003,23.101266,99.983043
MC2,4c1a5d10a44c0764fd5ad08224bcd183f272127951e90fbf97823a3d61aaad9f,"[""R_2"",""N_2"",""R_3"",""N_3"",""R_4"",""N_4"",""R_5"",""N_5"",""R_6"",""N_6"",""R_7"",""N_7"",""R_8"",""N_8"",""R_9"",""N_9"",""R_10"",""N_10"",""R_11"",""N_11"",""R_12"",""N_12"",""R_13"",""N_13"",""R_170"",""N_170"",""R_171"",""N_171"",""R_172"",""N_172"",""R_173"",""N_173"",""R_174"",""N_174"",""R_177"",""N_177"",""R_180"",""N_180"",""R_181"",""N_181"",""R_182"",""N_182"",""R_183"",""N_183"",""R_184"",""N_184"",""R_187"",""N_187"",""R_188"",""N_188"",""R_189"",""N_189"",""R_190"",""N_190"",""R_191"",""N_191"",""R_192"",""N_192"",""R_193"",""N_193"",""R_194"",""N_194"",""R_195"",""N_195"",""R_196"",""N_196"",""R_197"",""N_197"",""R_198"",""N_198"",""R_199"",""N_199"",""R_200"",""N_200"",""R_204"",""N_204"",""R_205"",""N_205"",""R_206"",""N_206"",""R_207"",""N_207"",""R_211"",""N_211"",""R_233"",""N_233"",""R_240"",""N_240"",""R_241"",""N_241"",""R_242"",""N_242"",""R_244"",""N_244"",""R_245"",""N_245"",""R_175"",""N_175"",""R_232"",""N_232""]",67,7277321,335,5,0.000921,20.000000,99.983964
MC2,29b60bbc5d246d6d0e6978fbe8cc2d0ef442cfe18121bfe54d205126e144e81a,"[""R_1"",""N_1"",""R_2"",""N_2"",""R_3"",""N_3"",""R_4"",""N_4"",""R_5"",""N_5"",""R_6"",""N_6"",""R_7"",""N_7"",""R_8"",""N_8"",""R_9"",""N_9"",""R_10"",""N_10"",""R_11"",""N_11"",""R_12"",""N_12"",""R_13"",""N_13"",""R_170"",""N_170"",""R_171"",""N_171"",""R_172"",""N_172"",""R_173"",""N_173"",""R_174"",""N_174"",""R_177"",""N_177"",""R_181"",""N_181"",""R_182"",""N_182"",""R_183"",""N_183"",""R_184"",""N_184"",""R_187"",""N_187"",""R_188"",""N_188"",""R_189"",""N_189"",""R_190"",""N_190"",""R_191"",""N_191"",""R_192"",""N_192"",""R_193"",""N_193"",""R_194"",""N_194"",""R_195"",""N_195"",""R_196"",""N_196"",""R_197"",""N_197"",""R_198"",""N_198"",""R_199"",""N_199"",""R_200"",""N_200"",""R_204"",""N_204"",""R_205"",""N_205"",""R_206"",""N_206"",""R_207"",""N_207"",""R_211"",""N_211"",""R_233"",""N_233"",""R_240"",""N_240"",""R_241"",""N_241"",""R_242"",""N_242"",""R_244"",""N_244"",""R_245"",""N_245"",""R_175"",""N_175"",""R_232"",""N_232""]",56,7277321,789,6,0.000770,7.097592,99.984733
MC2,ecc454b3675bc29ba37c21157fceecfbd26fdf7440f48abc61a6330e6f35c920,"[""R_2"",""N_2"",""R_3"",""N_3"",""R_4"",""N_4"",""R_6"",""N_6"",""R_7"",""N_7"",""R_8"",""N_8"",""R_10"",""N_10"",""R_11"",""N_11"",""R_13"",""N_13"",""R_177"",""N_177"",""R_180"",""N_180"",""R_181"",""N_181"",""R_182"",""N_182"",""R_189"",""N_189"",""R_190"",""N_190"",""R_191"",""N_191"",""R_192"",""N_192"",""R_193"",""N_193"",""R_200"",""N_200"",""R_204"",""N_204"",""R_205"",""N_205"",""R_206"",""N_206"",""R_207"",""N_207"",""R_211"",""N_211"",""R_233"",""N_233"",""R_240"",""N_240"",""R_241"",""N_241"",""R_242"",""N_242"",""R_244"",""N_244"",""R_245"",""N_245"",""R_175"",""N_175"",""R_232"",""N_232""]",40,7277321,444,7,0.000550,9.009009,99.985283
MC2,735830d996234e8f2facfd479e9f7e19e028a0940c961ae27040de111a7f16b1,"[""R_1"",""N_1"",""R_2"",""N_2"",""R_3"",""N_3"",""R_4"",""N_4"",""R_5"",""N_5"",""R_6"",""N_6"",""R_7"",""N_7"",""R_8"",""N_8"",""R_9"",""N_9"",""R_10"",""N_10"",""R_11"",""N_11"",""R_12"",""N_12"",""R_13"",""N_13"",""R_170"",""N_170"",""R_171"",""N_171"",""R_172"",""N_172"",""R_173"",""N_173"",""R_174"",""N_174"",""R_177"",""N_177"",""R_181"",""N_181"",""R_182"",""N_182"",""R_183"",""N_183"",""R_184"",""N_184"",""R_187"",""N_187"",""R_188"",""N_188"",""R_189"",""N_189"",""R_190"",""N_190"",""R_191"",""N_191"",""R_192"",""N_192"",""R_193"",""N_193"",""R_194"",""N_194"",""R_195"",""N_195"",""R_196"",""N_196"",""R_197"",""N_197"",""R_198"",""N_198"",""R_199"",""N_199"",""R_200"",""N_200"",""R_204"",""N_204"",""R_205"",""N_205"",""R_207"",""N_207"",""R_211"",""N_211"",""R_233"",""N_233"",""R_240"",""N_240"",""R_241"",""N_241"",""R_242"",""N_242"",""R_244"",""N_244"",""R_245"",""N_245"",""R_175"",""N_175"",""R_232"",""N_232""]",33,7277321,410,8,0.000453,8.048780,99.985737
MC2,ad452e3a19f004e7d97953618f1df340258377e7a383418c7dd0fa8ddb8c4ffd,"[""R_1"",""N_1"",""R_2"",""N_2"",""R_3"",""N_3"",""R_4"",""N_4"",""R_5"",""N_5"",""R_6"",""N_6"",""R_7"",""N_7"",""R_8"",""N_8"",""R_9"",""N_9"",""R_10"",""N_10"",""R_11"",""N_11"",""R_12"",""N_12"",""R_13"",""N_13"",""R_177"",""N_177"",""R_181"",""N_181"",""R_182"",""N_182"",""R_189"",""N_189"",""R_190"",""N_190"",""R_191"",""N_191"",""R_192"",""N_192"",""R_193"",""N_193"",""R_200"",""N_200"",""R_204"",""N_204"",""R_205"",""N_205"",""R_207"",""N_207"",""R_211"",""N_211"",""R_233"",""N_233"",""R_240"",""N_240"",""R_241"",""N_241"",""R_242"",""N_242"",""R_244"",""N_244"",""R_245"",""N_245"",""R_175"",""N_175"",""R_232"",""N_232""]",28,7277321,225,9,0.000385,12.444444,99.986121
MC2,4581fe47f0f90ab6fcbeb69a431dbc3f291674ca8972eb40c5bcf0486465b9ca,"[""R_1"",""N_1"",""R_2"",""N_2"",""R_3"",""N_3"",""R_4"",""N_4"",""R_5"",""N_5"",""R_6"",""N_6"",""R_7"",""N_7"",""R_8"",""N_8"",""R_10"",""N_10"",""R_11"",""N_11"",""R_13"",""N_13"",""R_177"",""N_177"",""R_181"",""N_181"",""R_182"",""N_182"",""R_189"",""N_189"",""R_190"",""N_190"",""R_191"",""N_191"",""R_192"",""N_192"",""R_193"",""N_193"",""R_200"",""N_200"",""R_204"",""N_204"",""R_205"",""N_205"",""R_207"",""N_207"",""R_211"",""N_211"",""R_233"",""N_233"",""R_240"",""N_240"",""R_241"",""N_241"",""R_242"",""N_242"",""R_244"",""N_244"",""R_245"",""N_245"",""R_175"",""N_175"",""R_232"",""N_232""]",27,7277321,258,10,0.000371,10.465116,99.986492
